pageName,theme,theme_order,section,section_order,subsection,subsection_order,subsection_visibility,subsection_collapsedByDefault,point_uuid,point_order,point_title,point_help,point_element_type,point_access,point_readOnly,point_invokeButtonText,point_widget,point_protocol_MEP,point_protocol_Cluster,point_protocol_Element,entry_order,entry_name,entry_arg,entry_dtype,entry_description,entry_longdescription,entry_unit,entry_value,entry_range_min,entry_range_max,entry_less_than,entry_greater_than,entry_meanings,entry_friendly_meanings,entry_protocol_MEP,entry_protocol_Cluster,entry_protocol_Element
Envy 48V,Inverter,1,Basic Setup,1,,1,default,,Basic.SystemTime,1,System Time,Attribute in Basic cluster,Attribute,RW,,,datetime,HybridInverter,Basic,SystemTime,1,Year,Year,Number,,,,,0,99,,,,,,,
Envy 48V,Inverter,1,Basic Setup,1,,1,default,,Basic.SystemTime,1,System Time,Attribute in Basic cluster,Attribute,RW,,,datetime,HybridInverter,Basic,SystemTime,2,Mon,Mon,Number,,,,,1,12,,,,,,,
Envy 48V,Inverter,1,Basic Setup,1,,1,default,,Basic.SystemTime,1,System Time,Attribute in Basic cluster,Attribute,RW,,,datetime,HybridInverter,Basic,SystemTime,3,Day,Day,Number,,,,,1,31,,,,,,,
Envy 48V,Inverter,1,Basic Setup,1,,1,default,,Basic.SystemTime,1,System Time,Attribute in Basic cluster,Attribute,RW,,,datetime,HybridInverter,Basic,SystemTime,4,Hour,Hour,Number,,,,,0,23,,,,,,,
Envy 48V,Inverter,1,Basic Setup,1,,1,default,,Basic.SystemTime,1,System Time,Attribute in Basic cluster,Attribute,RW,,,datetime,HybridInverter,Basic,SystemTime,5,Min,Min,Number,,,,,0,59,,,,,,,
Envy 48V,Inverter,1,Basic Setup,1,,1,default,,Basic.SystemTime,1,System Time,Attribute in Basic cluster,Attribute,RW,,,datetime,HybridInverter,Basic,SystemTime,6,Sec,Sec,Number,,,,,0,59,,,,,,,
Envy 48V,Inverter,1,Basic Setup,1,,1,default,,Basic.OperatingMode,2,Grid Interaction,"Select whether the inverter operates independently of the grid, or is connected to the grid. If off-grid, you should also ignore grid-loss warnings.",Attribute,RW,,,,HybridInverter,Basic,OperatingMode,1,Mode,Mode,enum,,,,,,,,,"{""0"":""Off-grid"",""1"":""Grid-tied""}","{""0"":""Off-Grid.  There is no available power grid"",""1"":""Grid-Tied. Grid power is available.""}",,,
Envy 48V,Inverter,1,Basic Setup,1,,1,default,,Basic.WorkMode,3,Operating Mode,"Select how solar power is prioritized. Self-consumption: PV powers the home first, then charges the battery, and exports last (if allowed). Export first: PV powers the home, then exports to grid, and charges the battery last. Backup power: PV charges the battery first to build reserve, then powers the home, and exports last (if allowed). If a battery schedule is running (PV Charge Only, Discharge Only, or Grid Charge), the inverter will follow that schedule during those times instead of this operating mode. When the scheduled period ends, the inverter will return to the selected operating mode.",Attribute,RW,,,,HybridInverter,Basic,WorkMode,1,Mode,Mode,enum,,,,,,,,,"{""0"":""Self used mode"",""1"":""Feed-in priority mode"",""2"":""Back-up mode""}","{""0"":""Self-consumption"",""1"":""Export first"",""2"":""Backup power""}",,,
Envy 48V,Inverter,1,Basic Setup,1,,1,default,,Basic.GridLossWarningClear,4,Ignore Grid-Loss Warning,"When enabled, the inverter will not treat the absence of grid power as an alarm. Use this mode for permanently off-grid systems where grid connection is unavailable.",Attribute,RW,,,,HybridInverter,Basic,GridLossWarningClear,1,Grid-Loss Behavior,Mode,enum,,,,,,,,,"{""0"":""Disable"",""1"":""Enable""}","{""0"":""Treat as Alarm"",""1"":""Ignore (Off-Grid Mode)""}",,,
Envy 48V,Inverter,1,Basic Setup,1,,1,default,,Basic.PowerStatus,5,Power Status,"Put the inverter into standby mode to stop operation or make configuration changes. While in standby, the inverter will not generate PV power or charge/discharge the battery. If grid power is available, it be used to supply the loads. If the grid is unavailable, the building will not have power.",Attribute,R,true,,,HybridInverter,Basic,PowerStatus,1,State,State,enum,,,,,,,,,"{""0"":""Standby"",""1"":""Other""}","{""0"":""Standby"",""1"":""Running""}",,,
Envy 48V,Inverter,1,Basic Setup,1,,1,default,,Basic.AllToDefault,6,Reset to Factory Defaults,Restores all inverter configuration parameters to their original factory values. Use with caution — this cannot be undone.,Service,INVOKE,,Reset Now,,HybridInverter,Basic,AllToDefault,,,,,,,,,,,,,,,,,
Envy 48V,Inverter,1,Basic Setup,1,,1,default,,Basic.PowerControl,7,Inverter Power Control,"Turns the inverter output on or off.

• **Standby:** AC output is disabled, but control circuits remain powered.
• **Power On:** Enables AC output and normal inverter operation.",Service,INVOKE,,,,HybridInverter,Basic,PowerControl,1,Power State,State,enum,,,,,,,,,"{""0"":""Standby"",""1"":""PowerOn""}","{""0"":""Standby"",""1"":""Power On""}",,,
Envy 48V,Inverter,1,Power Limits,2,,1,default,,LimitActivePower.LimitActivePowerStatus,1,Limit Power Output,"Shows whether power output limiting is currently active. When not limited, the inverter can deliver its full available power (subject only to natural hardware limits). When limited, an external or configured cap is applied to restrict inverter output to the specified Power Limit.",Attribute,R,true,,,HybridInverter,LimitActivePower,LimitActivePowerStatus,1,Mode,Mode,enum,,,,,,,,,"{""0"":""Disable"",""1"":""Enable""}","{""0"":""Not limited - full output"",""1"":""Limit output power""}",,,
Envy 48V,Inverter,1,Power Limits,2,,1,default,,LimitActivePower.ActivePowerPercent,2,Power Limit,"The inverter's present active-power output limit as a percentage of its rated capacity. If power limiting is active, the inverter will limit its output power to this percentage of its rated capacity.",Attribute,R,true,,,HybridInverter,LimitActivePower,ActivePowerPercent,1,Power Limit (%),Power,Number,,,,,0,100,,,,,,,
Envy 48V,Inverter,1,Selling Power,3,,1,default,,FeedInGrid.FeedInGridStatus,1,Allow Selling Power to Grid,Allows the inverter to sell/export power back to the utility grid. Enable this only if local regulations and interconnect agreements permit grid export.,Attribute,RW,,,,HybridInverter,FeedInGrid,FeedInGridStatus,1, ,Mode,enum,,,,,,,,,"{""0"":""Disable"",""1"":""Enable""}","{""0"":""Not allowed"",""1"":""Allowed""}",,,
Envy 48V,Inverter,1,Selling Power,3,,1,default,,FeedInGrid.FeedInGridMaxPower,2,Max Power Sold to Grid,Sets the maximum power the inverter is allowed to sell/export to the grid. Use this to meet utility export limits or site commissioning requirements.,Attribute,RW,,,,HybridInverter,FeedInGrid,FeedInGridMaxPower,1,Power (kW),Power,Number,,,,,0,100,,,,,,,
Envy 48V,Inverter,1,Selling Power,3,,1,default,,FeedInGrid.FastZeroExportStatus,3,Prevent Grid Export: Strict Mode,"Keeps power export at or near zero by adjusting inverter output in real time. When enabled, the inverter supplies only local (on-site) loads and will not send power back to the grid. This mode is required when grid export is not allowed. Ensure the CTs are installed on the grid connection point and  not on the inverter's load side, so the inverter can correctly detect and prevent export.",Attribute,RW,,,,HybridInverter,FeedInGrid,FastZeroExportStatus,1,Fast Zero Export,Mode,enum,,,,,,,,,"{""0"":""Disable"",""1"":""Enable""}","{""0"":""Disable strict mode"",""1"":""Enable strict mode""}",,,
Envy 48V,Inverter,1,Grid Charge,4,,1,default,,ACCharge.ACChgStopSOC,1,AC Chg Stop SOC,Attribute in ACCharge cluster,Attribute,RW,,,,HybridInverter,ACCharge,ACChgStopSOC,1,SOC,SOC,Number,,,,,0,90,,,,,,,
Envy 48V,Inverter,1,Parallel,5,,1,default,,Parallel.ModbusAddr,1,Parallel unit ID,"The Unit ID (also known as the unit ID, slave ID, or node ID) for this inverter. The primary inverter should use address 1, and any secondary inverters should use 2 or higher. This sets the modbus address that inverters use to communicate with each other. Each inverter that communicates on the same Modbus communication line must have a unique address, but addresses do not need to be globally unique across separate, unconnected systems.",Attribute,RW,,,,HybridInverter,Parallel,ModbusAddr,1,Address,Addr,Number,,,,,1,255,,,,,,,
Envy 48V,Inverter,1,Parallel,5,,1,default,,Parallel.SystemType,2,System Type,"Defines how this inverter participates in a multi-inverter or multi-phase system.

• No Parallel: Single inverter system.
• Single-phase Parallel (Master / Secondary): Multiple inverters on one phase.
• Three-phase Parallel (Master): Multiple inverters forming R/S/T phases.",Attribute,RW,,,,HybridInverter,Parallel,SystemType,1,Parallel Role / Topology,Type,enum,,,,,,,,,"{""0"":""no parallel (single one)"",""1"":""Single-phase parallel(Master)"",""2"":""Secondary"",""3"":""Three phase parallel(Master)""}","{""0"":""No Parallel (Single Inverter)"",""1"":""Single-Phase Parallel (Master)"",""2"":""Single-Phase Parallel (Secondary)"",""3"":""Three-Phase Parallel (Master)""}",,,
Envy 48V,Inverter,1,Parallel,5,,1,default,,Parallel.ComposedPhase,3,Assigned Phase,"Selects which output phase this inverter is responsible for in a three-phase system. R, S, and T correspond to L1, L2, and L3.",Attribute,RW,,,,HybridInverter,Parallel,ComposedPhase,1,Phase,Phase,enum,,,,,,,,,"{""0"":""R"",""1"":""S"",""2"":""T""}","{""0"":""R"",""1"":""S"",""2"":""T""}",,,
Envy 48V,Inverter,1,Parallel,5,,1,default,,Parallel.ClearDetectedPhases,4,Clear Detected Phases,Clears the detected phases for this inverter.,Attribute,W,,,,HybridInverter,Parallel,ClearDetectedPhases,1,Phase,Phase,enum,,,,,,,,,"{""0"":""Clear""}","{""0"":""Clear""}",,,
Envy 48V,Inverter,1,Parallel,5,,1,default,,Parallel.DetectedGridPhases,5,Detected Grid Phases,Attribute in Parallel cluster,Attribute,R,true,,,HybridInverter,Parallel,DetectedGridPhases,1,Phase,Phase,enum,,,,,,,,,"{""0"":""None"",""1"":""R"",""2"":""S"",""3"":""T""}","{""0"":""None"",""1"":""R"",""2"":""S"",""3"":""T""}",,,
Envy 48V,Inverter,1,Parallel,5,,1,default,,Parallel.ShareBatteryStatus,6,Share Battery,Allows inverters in a parallel group to use a common battery bank instead of keeping batteries isolated per inverter.,Attribute,RW,,,,HybridInverter,Parallel,ShareBatteryStatus,1,Installation Method,Mode,enum,,,,,,,,,"{""0"":""Disable"",""1"":""Enable""}","{""0"":""Inverters have Separate Batteries"",""1"":""Inverters Share a Common Battery Bank""}",,,
Envy 48V,Inverter,1,Parallel,5,,1,default,,Parallel.ParallelNum,7,Inverters in parallel,Total number of inverters detected in this parallel system.,Attribute,R,true,,,HybridInverter,Parallel,ParallelNum,1,Num,Num,Number,,,,,,,,,,,,,
Envy 48V,Inverter,1,Parallel,5,,1,default,,Parallel.Role,8,Inverter Role,Reports whether this inverter is acting as Primary (sometimes called the Master) or Secondary in the current parallel configuration.,Attribute,R,true,,,HybridInverter,Parallel,Role,1,Role,Role,enum,,,,,,,,,"{""0"":""Master"",""1"":""Slave""}","{""0"":""Primary"",""1"":""Secondary""}",,,
Envy 48V,Inverter,1,Parallel,5,,1,default,,Parallel.ParallelPhase,9,Reported Phase,Reports which phase (R / S / T) this inverter is currently serving in the parallel system.,Attribute,R,true,,,HybridInverter,Parallel,ParallelPhase,1,Phase,Phase,enum,,,,,,,,,"{""0"":""R"",""1"":""S"",""2"":""T""}","{""0"":""R"",""1"":""S"",""2"":""T""}",,,
Envy 48V,Inverter,1,Current Transformer (CT) Settings,6,,1,default,,Measurement.CTSampleRatio,1,CT Ratio,Select the current transformer (CT) ratio used for metering electric current on the grid port connection. This must match the CT hardware rating so that current and power readings are accurate.,Attribute,RW,,,,HybridInverter,Measurement,CTSampleRatio,1,CT Ratio,Direction,enum,,,,,,,,,"{""0"":""1/1000"",""1"":""1/2000"",""2"":""1/3000"",""3"":""1/4000"",""4"":""1/6000""}","{""0"":""1/1000"",""1"":""1/2000"",""2"":""1/3000"",""3"":""1/4000"",""4"":""1/6000""}",,,
Envy 48V,Inverter,1,Current Transformer (CT) Settings,6,,1,default,,Measurement.CTDirection,2,CT Direction,Sets the CT installation direction. You may choose to reverse this if your inverter is reading import when power is actually flowing out to the grid (export) or vice versa.,Attribute,RW,,,,HybridInverter,Measurement,CTDirection,1,Direction,Direction,enum,,,,,,,,,"{""0"":""Normal"",""1"":""Reversed""}","{""0"":""Normal"",""1"":""Reversed""}",,,
Envy 48V,Battery,2,Setup,1,,1,default,,BatteryBase.BatteryType,1,Battery Type,"Specifies the chemistry or general type of connected battery. Choose **No Battery** for standalone PV or grid-tie operation, **Lead-acid** for flooded or AGM batteries, or **Lithium-ion** for managed BMS packs.",Attribute,RW,,,,HybridInverter,BatteryBase,BatteryType,1,Type,Type,enum,,,,,,,,,"{""0"":""NoBattery"",""1"":""Lead-acid"",""2"":""Lithom-ion""}","{""0"":""No Battery"",""1"":""Lead-acid"",""2"":""Lithium-ion""}",,,
Envy 48V,Battery,2,Setup,1,,1,default,,BatteryBase.BatteryBrand,2,Battery Brand,Selects the manufacturer profile for the connected battery. This may pre-configure recommended voltage and SOC limits for optimal operation.,Attribute,RW,,,,HybridInverter,BatteryBase,BatteryBrand,1,Brand,Brand,enum,,,,,,,,,"{""0"":""Fortress""}","{""0"":""Fortress""}",,,
Envy 48V,Battery,2,Setup,1,,1,default,,BatteryBase.AbsorbVoltage,3,Absorb Voltage,Sets the voltage used during the absorb (bulk-to-float transition) phase. Increasing this value raises the upper charge threshold for lead-acid batteries.,Attribute,RW,,,,HybridInverter,BatteryBase,AbsorbVoltage,1,Voltage (Vdc),Volt,Number,,,,,,,,,,,,,
Envy 48V,Battery,2,Setup,1,,1,default,,BatteryBase.FloatVoltage,4,Float Voltage,Defines the voltage maintained once the battery is fully charged. This helps prevent overcharging while keeping the battery topped off.,Attribute,RW,,,,HybridInverter,BatteryBase,FloatVoltage,1,Voltage (Vdc),Volt,Number,,,,,,,,,,,,,
Envy 48V,Battery,2,Setup,1,,1,default,,BatteryBase.VbatStartDerating,5,Start Derating Voltage,Voltage threshold where the inverter begins reducing charge or discharge current to protect the battery as it approaches full or low state.,Attribute,RW,,,,HybridInverter,BatteryBase,VbatStartDerating,1,Voltage (Vdc),Volt,Number,,,,,,,,,,,,,
Envy 48V,Battery,2,Setup,1,,1,default,,BatteryBase.ChaDisChaCtrlType,6,Battery Control Type,"Determines how the inverter regulates both charging and discharging.

SOC: Uses battery state of charge thresholds to start and stop charge/discharge.

Volt: Uses DC voltage limits instead.",Attribute,RW,,,,HybridInverter,BatteryBase,ChaDisChaCtrlType,1,Charge Control,ChargeCtrlType,enum,,,,,,,,,"{""0"":""SOC"",""1"":""Volt""}","{""0"":""SOC"",""1"":""Volt""}",,,
Envy 48V,Battery,2,Setup,1,,1,default,,BatteryBase.ChaDisChaCtrlType,6,Battery Control Type,"Determines how the inverter regulates both charging and discharging.

SOC: Uses battery state of charge thresholds to start and stop charge/discharge.

Volt: Uses DC voltage limits instead.",Attribute,RW,,,,HybridInverter,BatteryBase,ChaDisChaCtrlType,2,Discharge Control,DisChargeCtrlType,enum,,,,,,,,,"{""0"":""SOC"",""1"":""Volt""}","{""0"":""SOC"",""1"":""Volt""}",,,
Envy 48V,Battery,2,Setup,1,,1,default,,BatteryBase.ChargeLimitSoc,7,Charge Limit (SOC),"Sets the maximum state of charge (SOC) the battery will be charged to. Once the battery reaches this level, charging stops to prevent overcharging and extend lifespan.",Attribute,RW,,,,HybridInverter,BatteryBase,ChargeLimitSoc,1,SOC (%),SOC,Number,,,,,0,100,,,,,,,
Envy 48V,Battery,2,Setup,1,,1,default,,BatteryBase.MaxChaDisChaCurrent,8,Max Battery Current,Sets the maximum charging and discharging current allowed for the connected inverter. Choose the preset that matches your inverter model to automatically apply the correct limits.,Attribute,RW,,,,HybridInverter,BatteryBase,MaxChaDisChaCurrent,1,Max Charge Preset,MaxChargingCurrent,enum,,,,,,,,,"{""0"":""Envy12K"",""1"":""Envy10K"",""2"":""Envy8K""}","{""0"":""Envy12K"",""1"":""Envy10K"",""2"":""Envy8K""}",,,
Envy 48V,Battery,2,Setup,1,,1,default,,BatteryBase.MaxChaDisChaCurrent,8,Max Battery Current,Sets the maximum charging and discharging current allowed for the connected inverter. Choose the preset that matches your inverter model to automatically apply the correct limits.,Attribute,RW,,,,HybridInverter,BatteryBase,MaxChaDisChaCurrent,2,Max Discharge Preset,MaxDischargingCurrent,enum,,,,,,,,,"{""0"":""Envy12K"",""1"":""Envy10K"",""2"":""Envy8K""}","{""0"":""Envy12K"",""1"":""Envy10K"",""2"":""Envy8K""}",,,
Envy 48V,Battery,2,Setup,1,,1,default,,BatteryBase.OnGridCutOffSoc,9,On-Grid Battery Cutoff SOC,"Sets the minimum state of charge (SOC) the battery will discharge to while grid power is available. Below this level, the inverter will stop discharging and switch to grid power to protect battery capacity.",Attribute,RW,,,,HybridInverter,BatteryBase,OnGridCutOffSoc,1,SOC (%),SOC,Number,Recommended: between 21-90%.  Must be higher than the Off-Grid Battery Cutoff SOC.,,,,0,100,,,,,,,
Envy 48V,Battery,2,Setup,1,,1,default,,BatteryBase.OffGridCutOffSoc,10,Off-Grid Battery Cutoff SOC,"Sets the minimum state of charge (SOC) the battery will discharge to when operating off-grid. Once the battery reaches this level, the inverter stops discharging to prevent deep discharge and maintain battery health.",Attribute,RW,,,,HybridInverter,BatteryBase,OffGridCutOffSoc,1,SOC (%),SOC,Number,Recommended: between 20-89%.  Must be lower than the On-Grid Battery Cutoff SOC.,,,,0,100,,,,,,,
Envy 48V,Battery,2,Battery Backup,2,,1,default,,BatteryBackup.BatteryBackupMode,1,Battery Backup Mode,"Enables or disables battery-backup operation. When enabled, the inverter reserves part of the battery capacity to power critical loads during a grid outage.",Attribute,RW,,,,HybridInverter,BatteryBackup,BatteryBackupMode,1, ,Mode,enum,,,,,,,,,"{""0"":""Disable"",""1"":""Enable""}","{""0"":""Disable Backup Mode"",""1"":""Enable Backup Mode""}",,,
Envy 48V,Battery,2,Battery Backup,2,,1,default,,BatteryBackup.BatteryReserveSOC,2,Battery Reserve SOC,"While Battery Backup Mode is enabled, the battery will stop discharging once it reaches this level. When Backup Mode is disabled, normal operation applies and discharge will continue down to the On-Grid or Off-Grid Battery Cutoff SOC.",Attribute,RW,,,,HybridInverter,BatteryBackup,BatteryReserveSOC,1,SOC (%),SOC,Number,,,,,0,100,,,,,,,
Envy 48V,Battery,2,Battery Scheduling,3,,1,default,,BatteryScheduling.BatteryScheduling,1,Battery Scheduling,"This is a special scheduling mode designed for certain time-of-use (TOU) utility rates or other custom situations. In most circumstances, we recomment allowing your system to  manage charging and discharging automatically without setting a schedule.  You don't need to set a schedule unless you have a specific reason to charge or discharge at exact times.",Attribute,RW,,,,HybridInverter,BatteryScheduling,BatteryScheduling,1,Scheduling,Mode,enum,,,,,,,,,"{""0"":""Disable"",""1"":""Enable""}","{""0"":""Disable Scheduling"",""1"":""Enable the 'PV Charge Only' and 'Discharge Only' scheduling modes""}",,,
Envy 48V,Battery,2,Battery Scheduling,3,PV Charge Only,3,default,,BatteryTOUCharge.TOUMaximumChargingPower,1,Max Battery Charge Power During 'PV Charge Only' Periods,Sets the maximum charging power during scheduled Time-of-Use (TOU) charge periods in kW. Set this limit to control the power level at which the battery will charge from the grid during PV charge only periods,Attribute,RW,,,,HybridInverter,BatteryTOUCharge,TOUMaximumChargingPower,1,Power (kW),Power,Number,Should not exceed the inverter's rated power,,,,0,100,,,,,,,
Envy 48V,Battery,2,Battery Scheduling,3,PV Charge Only,3,default,,BatteryTOUCharge.TOUChargingPlan1,2,Schedule Window 1 for PV Charge Only,During these times your battery will charge from solar power and not discharge to power your home unless there is a grid power outage,Attribute,RW,,,timerange,HybridInverter,BatteryTOUCharge,TOUChargingPlan1,1,Start Hour (0-23),StartTime_h,Number,,,,,0,23,,,,,,,
Envy 48V,Battery,2,Battery Scheduling,3,PV Charge Only,3,default,,BatteryTOUCharge.TOUChargingPlan1,2,Schedule Window 1 for PV Charge Only,During these times your battery will charge from solar power and not discharge to power your home unless there is a grid power outage,Attribute,RW,,,timerange,HybridInverter,BatteryTOUCharge,TOUChargingPlan1,2,Start Minute (0-59),StartTime_m,Number,,,,,0,59,,,,,,,
Envy 48V,Battery,2,Battery Scheduling,3,PV Charge Only,3,default,,BatteryTOUCharge.TOUChargingPlan1,2,Schedule Window 1 for PV Charge Only,During these times your battery will charge from solar power and not discharge to power your home unless there is a grid power outage,Attribute,RW,,,timerange,HybridInverter,BatteryTOUCharge,TOUChargingPlan1,3,End Hour (0-23),EndTime_h,Number,,,,,0,23,,,,,,,
Envy 48V,Battery,2,Battery Scheduling,3,PV Charge Only,3,default,,BatteryTOUCharge.TOUChargingPlan1,2,Schedule Window 1 for PV Charge Only,During these times your battery will charge from solar power and not discharge to power your home unless there is a grid power outage,Attribute,RW,,,timerange,HybridInverter,BatteryTOUCharge,TOUChargingPlan1,4,End Minute (0-59),EndTime_m,Number,,,,,0,59,,,,,,,
Envy 48V,Battery,2,Battery Scheduling,3,PV Charge Only,3,default,,BatteryTOUCharge.TOUChargingPlan2,3,Schedule Window 2 for PV Charge Only,During these times your battery will charge from solar power and not discharge to power your home unless there is a grid power outage,Attribute,RW,,,timerange,HybridInverter,BatteryTOUCharge,TOUChargingPlan2,1,Start Hour (0-23),StartTime_h,Number,,,,,0,23,,,,,,,
Envy 48V,Battery,2,Battery Scheduling,3,PV Charge Only,3,default,,BatteryTOUCharge.TOUChargingPlan2,3,Schedule Window 2 for PV Charge Only,During these times your battery will charge from solar power and not discharge to power your home unless there is a grid power outage,Attribute,RW,,,timerange,HybridInverter,BatteryTOUCharge,TOUChargingPlan2,2,Start Minute (0-59),StartTime_m,Number,,,,,0,59,,,,,,,
Envy 48V,Battery,2,Battery Scheduling,3,PV Charge Only,3,default,,BatteryTOUCharge.TOUChargingPlan2,3,Schedule Window 2 for PV Charge Only,During these times your battery will charge from solar power and not discharge to power your home unless there is a grid power outage,Attribute,RW,,,timerange,HybridInverter,BatteryTOUCharge,TOUChargingPlan2,3,End Hour (0-23),EndTime_h,Number,,,,,0,23,,,,,,,
Envy 48V,Battery,2,Battery Scheduling,3,PV Charge Only,3,default,,BatteryTOUCharge.TOUChargingPlan2,3,Schedule Window 2 for PV Charge Only,During these times your battery will charge from solar power and not discharge to power your home unless there is a grid power outage,Attribute,RW,,,timerange,HybridInverter,BatteryTOUCharge,TOUChargingPlan2,4,End Minute (0-59),EndTime_m,Number,,,,,0,59,,,,,,,
Envy 48V,Battery,2,Battery Scheduling,3,PV Charge Only,3,default,,BatteryTOUCharge.TOUChargingPlan3,4,Schedule Window 3 for PV Charge Only,During these times your battery will charge from solar power and not discharge to power your home unless there is a grid power outage,Attribute,RW,,,timerange,HybridInverter,BatteryTOUCharge,TOUChargingPlan3,1,Start Hour (0-23),StartTime_h,Number,,,,,0,23,,,,,,,
Envy 48V,Battery,2,Battery Scheduling,3,PV Charge Only,3,default,,BatteryTOUCharge.TOUChargingPlan3,4,Schedule Window 3 for PV Charge Only,During these times your battery will charge from solar power and not discharge to power your home unless there is a grid power outage,Attribute,RW,,,timerange,HybridInverter,BatteryTOUCharge,TOUChargingPlan3,2,Start Minute (0-59),StartTime_m,Number,,,,,0,59,,,,,,,
Envy 48V,Battery,2,Battery Scheduling,3,PV Charge Only,3,default,,BatteryTOUCharge.TOUChargingPlan3,4,Schedule Window 3 for PV Charge Only,During these times your battery will charge from solar power and not discharge to power your home unless there is a grid power outage,Attribute,RW,,,timerange,HybridInverter,BatteryTOUCharge,TOUChargingPlan3,3,End Hour (0-23),EndTime_h,Number,,,,,0,23,,,,,,,
Envy 48V,Battery,2,Battery Scheduling,3,PV Charge Only,3,default,,BatteryTOUCharge.TOUChargingPlan3,4,Schedule Window 3 for PV Charge Only,During these times your battery will charge from solar power and not discharge to power your home unless there is a grid power outage,Attribute,RW,,,timerange,HybridInverter,BatteryTOUCharge,TOUChargingPlan3,4,End Minute (0-59),EndTime_m,Number,,,,,0,59,,,,,,,
Envy 48V,Battery,2,Battery Scheduling,3,Discharge Only,4,default,,BatteryTOUDischarge.TOUMaximumDischargingPower,1,Max Inverter Output Power During 'Discharge Only' Periods,Sets the maximum discharging power during scheduled Time-of-Use (TOU) discharge periods in kW. Limit this to control how much battery power is exported to loads or grid during those windows.,Attribute,RW,,,,HybridInverter,BatteryTOUDischarge,TOUMaximumDischargingPower,1,Power (kW),Power,Number,Should not exceed the inverter's rated power,,,,0,100,,,,,,,
Envy 48V,Battery,2,Battery Scheduling,3,Discharge Only,4,default,,BatteryTOUDischarge.DischargingStopSoc,2,TOU Discharge Stop SOC,"Sets the minimum state of charge (SOC) that the battery will discharge to during 'Discharge Only' operation. Once this level is reached, discharging stops to preserve reserve capacity for later use or backup.",Attribute,RW,,,,HybridInverter,BatteryTOUDischarge,DischargingStopSoc,1,SOC (%),SOC,Number,,,,,0,100,,,,,,,
Envy 48V,Battery,2,Battery Scheduling,3,Discharge Only,4,default,,BatteryTOUDischarge.TOUDischargingPlan1,3,Schedule Window 1 for Discharge Only,"During these times, your battery will discharge at a steady rate and not charge from solar power.  Solar power will be used in your home and sold to the grid as allowed",Attribute,RW,,,timerange,HybridInverter,BatteryTOUDischarge,TOUDischargingPlan1,1,Start Hour (0-23),StartTime_h,Number,,,,,0,23,,,,,,,
Envy 48V,Battery,2,Battery Scheduling,3,Discharge Only,4,default,,BatteryTOUDischarge.TOUDischargingPlan1,3,Schedule Window 1 for Discharge Only,"During these times, your battery will discharge at a steady rate and not charge from solar power.  Solar power will be used in your home and sold to the grid as allowed",Attribute,RW,,,timerange,HybridInverter,BatteryTOUDischarge,TOUDischargingPlan1,2,Start Minute (0-59),StartTime_m,Number,,,,,0,59,,,,,,,
Envy 48V,Battery,2,Battery Scheduling,3,Discharge Only,4,default,,BatteryTOUDischarge.TOUDischargingPlan1,3,Schedule Window 1 for Discharge Only,"During these times, your battery will discharge at a steady rate and not charge from solar power.  Solar power will be used in your home and sold to the grid as allowed",Attribute,RW,,,timerange,HybridInverter,BatteryTOUDischarge,TOUDischargingPlan1,3,End Hour (0-23),EndTime_h,Number,,,,,0,23,,,,,,,
Envy 48V,Battery,2,Battery Scheduling,3,Discharge Only,4,default,,BatteryTOUDischarge.TOUDischargingPlan1,3,Schedule Window 1 for Discharge Only,"During these times, your battery will discharge at a steady rate and not charge from solar power.  Solar power will be used in your home and sold to the grid as allowed",Attribute,RW,,,timerange,HybridInverter,BatteryTOUDischarge,TOUDischargingPlan1,4,End Minute (0-59),EndTime_m,Number,,,,,0,59,,,,,,,
Envy 48V,Battery,2,Battery Scheduling,3,Discharge Only,4,default,,BatteryTOUDischarge.TOUDischargingPlan2,4,Schedule Window 2 for Discharge Only,"During these times, your battery will discharge at a steady rate and not charge from solar power.  Solar power will be used in your home and sold to the grid as allowed",Attribute,RW,,,timerange,HybridInverter,BatteryTOUDischarge,TOUDischargingPlan2,1,Start Hour (0-23),StartTime_h,Number,,,,,0,23,,,,,,,
Envy 48V,Battery,2,Battery Scheduling,3,Discharge Only,4,default,,BatteryTOUDischarge.TOUDischargingPlan2,4,Schedule Window 2 for Discharge Only,"During these times, your battery will discharge at a steady rate and not charge from solar power.  Solar power will be used in your home and sold to the grid as allowed",Attribute,RW,,,timerange,HybridInverter,BatteryTOUDischarge,TOUDischargingPlan2,2,Start Minute (0-59),StartTime_m,Number,,,,,0,59,,,,,,,
Envy 48V,Battery,2,Battery Scheduling,3,Discharge Only,4,default,,BatteryTOUDischarge.TOUDischargingPlan2,4,Schedule Window 2 for Discharge Only,"During these times, your battery will discharge at a steady rate and not charge from solar power.  Solar power will be used in your home and sold to the grid as allowed",Attribute,RW,,,timerange,HybridInverter,BatteryTOUDischarge,TOUDischargingPlan2,3,End Hour (0-23),EndTime_h,Number,,,,,0,23,,,,,,,
Envy 48V,Battery,2,Battery Scheduling,3,Discharge Only,4,default,,BatteryTOUDischarge.TOUDischargingPlan2,4,Schedule Window 2 for Discharge Only,"During these times, your battery will discharge at a steady rate and not charge from solar power.  Solar power will be used in your home and sold to the grid as allowed",Attribute,RW,,,timerange,HybridInverter,BatteryTOUDischarge,TOUDischargingPlan2,4,End Minute (0-59),EndTime_m,Number,,,,,0,59,,,,,,,
Envy 48V,Battery,2,Battery Scheduling,3,Discharge Only,4,default,,BatteryTOUDischarge.TOUDischargingPlan3,5,Schedule Window 3 for Discharge Only,"During these times, your battery will discharge at a steady rate and not charge from solar power.  Solar power will be used in your home and sold to the grid as allowed",Attribute,RW,,,timerange,HybridInverter,BatteryTOUDischarge,TOUDischargingPlan3,1,Start Hour (0-23),StartTime_h,Number,,,,,0,23,,,,,,,
Envy 48V,Battery,2,Battery Scheduling,3,Discharge Only,4,default,,BatteryTOUDischarge.TOUDischargingPlan3,5,Schedule Window 3 for Discharge Only,"During these times, your battery will discharge at a steady rate and not charge from solar power.  Solar power will be used in your home and sold to the grid as allowed",Attribute,RW,,,timerange,HybridInverter,BatteryTOUDischarge,TOUDischargingPlan3,2,Start Minute (0-59),StartTime_m,Number,,,,,0,59,,,,,,,
Envy 48V,Battery,2,Battery Scheduling,3,Discharge Only,4,default,,BatteryTOUDischarge.TOUDischargingPlan3,5,Schedule Window 3 for Discharge Only,"During these times, your battery will discharge at a steady rate and not charge from solar power.  Solar power will be used in your home and sold to the grid as allowed",Attribute,RW,,,timerange,HybridInverter,BatteryTOUDischarge,TOUDischargingPlan3,3,End Hour (0-23),EndTime_h,Number,,,,,0,23,,,,,,,
Envy 48V,Battery,2,Battery Scheduling,3,Discharge Only,4,default,,BatteryTOUDischarge.TOUDischargingPlan3,5,Schedule Window 3 for Discharge Only,"During these times, your battery will discharge at a steady rate and not charge from solar power.  Solar power will be used in your home and sold to the grid as allowed",Attribute,RW,,,timerange,HybridInverter,BatteryTOUDischarge,TOUDischargingPlan3,4,End Minute (0-59),EndTime_m,Number,,,,,0,59,,,,,,,
Envy 48V,Battery,2,Grid Charge,4,,1,default,,ACCharge.ACChargeStatus,1,Allow Battery Charging from Grid,Enables the battery to charge from the utility grid.,Attribute,RW,,,,HybridInverter,ACCharge,ACChargeStatus,1,Grid Charge,Mode,enum,,,,,,,,,"{""0"":""Disable"",""1"":""Enable""}","{""0"":""Do not charge the battery from grid power"",""1"":""Allowed""}",,,
Envy 48V,Battery,2,Grid Charge,4,,1,default,,ACCharge.ACChargePower,2,Grid Charge Power Limit,Sets the maximum power the inverter will draw from the grid for charging. This cap applies when Grid Charge is enabled (and within any configured time windows).,Attribute,RW,,,,HybridInverter,ACCharge,ACChargePower,1,Max Grid Charge Power (W),Power,Number,,,,,0,100,,,,,,,
Envy 48V,Battery,2,Grid Charge,4,,1,default,,ACCharge.ACChgStartSOC,3,Grid Charge SOC Range,Defines when grid charging starts and stops based on battery state of charge (SOC). Charging starts when SOC falls below Start SOC and stops when it reaches Stop SOC.,Attribute,RW,,,,HybridInverter,ACCharge,ACChgStartSOC,1,Start SOC (%),SOC,Number,,,,,0,100,StopSOC,,,,,,ACChgStartSOC
Envy 48V,Battery,2,Grid Charge,4,,1,default,,ACCharge.ACChgStartSOC,3,Grid Charge SOC Range,Defines when grid charging starts and stops based on battery state of charge (SOC). Charging starts when SOC falls below Start SOC and stops when it reaches Stop SOC.,Attribute,RW,,,,HybridInverter,ACCharge,ACChgStartSOC,2,Stop SOC (%),StopSOC,Number,,,,,0,100,,SOC,,,,,ACChgStopSOC
Envy 48V,Battery,2,Grid Charge,4,,1,default,,ACCharge.ACChargeType,4,Grid Charge Control Type,Select whether grid charging follows a time schedule or SOC/voltage thresholds.,Attribute,RW,,,,HybridInverter,ACCharge,ACChargeType,1,Control Type,Type,enum,,,,,,,,,"{""0"":""according to time"",""1"":""according to SOC/Volt""}","{""0"":""By Time Schedule"",""1"":""By SOC/Voltage""}",,,
Envy 48V,Battery,2,Grid Charge,4,,1,default,,ACCharge.ACChargingPlan,5,Grid Charge Windows,"During these times, your battery will continue to charge from solar power normally, but will also use additional power from the grid to charge the battery.",Attribute,RW,,,timerange-multi,HybridInverter,ACCharge,ACChargingPlan,1,Window 1 Start Hour,StartTime1_h,Number,,,,,0,23,,,,,,,
Envy 48V,Battery,2,Grid Charge,4,,1,default,,ACCharge.ACChargingPlan,5,Grid Charge Windows,"During these times, your battery will continue to charge from solar power normally, but will also use additional power from the grid to charge the battery.",Attribute,RW,,,timerange-multi,HybridInverter,ACCharge,ACChargingPlan,2,Window 1 Start Minute,StartTime1_m,Number,,,,,0,59,,,,,,,
Envy 48V,Battery,2,Grid Charge,4,,1,default,,ACCharge.ACChargingPlan,5,Grid Charge Windows,"During these times, your battery will continue to charge from solar power normally, but will also use additional power from the grid to charge the battery.",Attribute,RW,,,timerange-multi,HybridInverter,ACCharge,ACChargingPlan,3,Window 1 End Hour,EndTime1_h,Number,,,,,0,23,,,,,,,
Envy 48V,Battery,2,Grid Charge,4,,1,default,,ACCharge.ACChargingPlan,5,Grid Charge Windows,"During these times, your battery will continue to charge from solar power normally, but will also use additional power from the grid to charge the battery.",Attribute,RW,,,timerange-multi,HybridInverter,ACCharge,ACChargingPlan,4,Window 1 End Minute,EndTime1_m,Number,,,,,0,59,,,,,,,
Envy 48V,Battery,2,Grid Charge,4,,1,default,,ACCharge.ACChargingPlan,5,Grid Charge Windows,"During these times, your battery will continue to charge from solar power normally, but will also use additional power from the grid to charge the battery.",Attribute,RW,,,timerange-multi,HybridInverter,ACCharge,ACChargingPlan,5,Window 2 Start Hour,StartTime2_h,Number,,,,,0,23,,,,,,,
Envy 48V,Battery,2,Grid Charge,4,,1,default,,ACCharge.ACChargingPlan,5,Grid Charge Windows,"During these times, your battery will continue to charge from solar power normally, but will also use additional power from the grid to charge the battery.",Attribute,RW,,,timerange-multi,HybridInverter,ACCharge,ACChargingPlan,6,Window 2 Start Minute,StartTime2_m,Number,,,,,0,59,,,,,,,
Envy 48V,Battery,2,Grid Charge,4,,1,default,,ACCharge.ACChargingPlan,5,Grid Charge Windows,"During these times, your battery will continue to charge from solar power normally, but will also use additional power from the grid to charge the battery.",Attribute,RW,,,timerange-multi,HybridInverter,ACCharge,ACChargingPlan,7,Window 2 End Hour,EndTime2_h,Number,,,,,0,23,,,,,,,
Envy 48V,Battery,2,Grid Charge,4,,1,default,,ACCharge.ACChargingPlan,5,Grid Charge Windows,"During these times, your battery will continue to charge from solar power normally, but will also use additional power from the grid to charge the battery.",Attribute,RW,,,timerange-multi,HybridInverter,ACCharge,ACChargingPlan,8,Window 2 End Minute,EndTime2_m,Number,,,,,0,59,,,,,,,
Envy 48V,Battery,2,Grid Charge,4,,1,default,,ACCharge.ACChargingPlan,5,Grid Charge Windows,"During these times, your battery will continue to charge from solar power normally, but will also use additional power from the grid to charge the battery.",Attribute,RW,,,timerange-multi,HybridInverter,ACCharge,ACChargingPlan,9,Window 3 Start Hour,StartTime3_h,Number,,,,,0,23,,,,,,,
Envy 48V,Battery,2,Grid Charge,4,,1,default,,ACCharge.ACChargingPlan,5,Grid Charge Windows,"During these times, your battery will continue to charge from solar power normally, but will also use additional power from the grid to charge the battery.",Attribute,RW,,,timerange-multi,HybridInverter,ACCharge,ACChargingPlan,10,Window 3 Start Minute,StartTime3_m,Number,,,,,0,59,,,,,,,
Envy 48V,Battery,2,Grid Charge,4,,1,default,,ACCharge.ACChargingPlan,5,Grid Charge Windows,"During these times, your battery will continue to charge from solar power normally, but will also use additional power from the grid to charge the battery.",Attribute,RW,,,timerange-multi,HybridInverter,ACCharge,ACChargingPlan,11,Window 3 End Hour,EndTime3_h,Number,,,,,0,23,,,,,,,
Envy 48V,Battery,2,Grid Charge,4,,1,default,,ACCharge.ACChargingPlan,5,Grid Charge Windows,"During these times, your battery will continue to charge from solar power normally, but will also use additional power from the grid to charge the battery.",Attribute,RW,,,timerange-multi,HybridInverter,ACCharge,ACChargingPlan,12,Window 3 End Minute,EndTime3_m,Number,,,,,0,59,,,,,,,
Envy 48V,Grid,3,Setup,1,,1,default,,GridBase.GridRegulation,1,Grid Parameters,This setting changes the conditions under which the inverter will connect or disconnect from the utility grid. Different areas have different rules about when this equipment is allowed to disconnect and when it must ride through. Choose the code required by the local utility or AHJ.,Attribute,RW,,,,HybridInverter,GridBase,GridRegulation,1,Code,Code,enum,,,,,,,,,"{""0"":""Default(UL-240-18)"",""1"":""California(Rule 21)"",""2"":""Hawaii(Rule 14)"",""3"":""Puerto Rico LUMA"",""4"":""KIUC""}","{""0"":""Default UL-1741 / IEEE 1547"",""1"":""California (Rule 21)"",""2"":""Hawaii (Rule 14)"",""3"":""Puerto Rico (LUMA)"",""4"":""KIUC""}",,,
Envy 48V,Grid,3,Setup,1,,1,default,,GridBase.GridType,2,Grid Type,Choose wiring configuration of the site.  This helps configure the system to match the power service at the site.  Note the voltage you enter here must match the EPS Voltage.,Attribute,RW,,,,HybridInverter,GridBase,GridType,1,Service Type,Type,enum,,,,,,,,,"{""0"":""Split240V/120V"",""1"":""3phase208V/120V"",""2"":""Single240V"",""3"":""Single230V"",""4"":""Split200V/100V""}","{""0"":""Split 240V / 120V"",""1"":""3-Phase 208V / 120V"",""2"":""Single 240V"",""3"":""Single 230V"",""4"":""Split 200V / 100V""}",,,
Envy 48V,Grid,3,Setup,1,,1,default,,GridBase.GridFreq,3,Grid Frequency,Sets the nominal grid frequency for the installation. Use 60 Hz for North America and most split-phase installs; use 50 Hz for regions that operate at 230 V single-phase.,Attribute,RW,,,,HybridInverter,GridBase,GridFreq,1,Frequency (Hz),Freq,enum,,,,,,,,,"{""0"":""50"",""1"":""60""}","{""0"":""50 Hz"",""1"":""60 Hz""}",,,
Envy 48V,Grid,3,Grid Protection,2,Grid Protection Parameters,1,default,true,GridProtection.GridVoltLimit1,1,Grid Voltage Limits (Stage 1),"Voltage trip window. If grid voltage rises above or falls below these thresholds for longer than the threshold time allows, the inverter will disconnect from the grid.",Attribute,RW,,,,HybridInverter,GridProtection,GridVoltLimit1,1,Upper Limit (Vac),GridVoltLimitHigh,Number,,,,,,,,,,,,,
Envy 48V,Grid,3,Grid Protection,2,Grid Protection Parameters,1,default,true,GridProtection.GridVoltLimit1,1,Grid Voltage Limits (Stage 1),"Voltage trip window. If grid voltage rises above or falls below these thresholds for longer than the threshold time allows, the inverter will disconnect from the grid.",Attribute,RW,,,,HybridInverter,GridProtection,GridVoltLimit1,2,Lower Limit (Vac),GridVoltLimitLow,Number,,,,,,,,,,,,,
Envy 48V,Grid,3,Grid Protection,2,Grid Protection Parameters,1,default,true,GridProtection.GridVoltLimit2,2,Grid Voltage Limits (Stage 2),"Voltage trip window. If grid voltage rises above or falls below these thresholds for longer than the threshold time allows, the inverter will disconnect from the grid.",Attribute,RW,,,,HybridInverter,GridProtection,GridVoltLimit2,1,Upper Limit (Vac),GridVoltLimitHigh,Number,,,,,,,,,,,,,
Envy 48V,Grid,3,Grid Protection,2,Grid Protection Parameters,1,default,true,GridProtection.GridVoltLimit2,2,Grid Voltage Limits (Stage 2),"Voltage trip window. If grid voltage rises above or falls below these thresholds for longer than the threshold time allows, the inverter will disconnect from the grid.",Attribute,RW,,,,HybridInverter,GridProtection,GridVoltLimit2,2,Lower Limit (Vac),GridVoltLimitLow,Number,,,,,,,,,,,,,
Envy 48V,Grid,3,Grid Protection,2,Grid Protection Parameters,1,default,true,GridProtection.GridVoltLimit3,3,Grid Voltage Limits (Stage 3),"Voltage trip window. If grid voltage rises above or falls below these thresholds for longer than the threshold time allows, the inverter will disconnect from the grid.",Attribute,RW,,,,HybridInverter,GridProtection,GridVoltLimit3,1,Upper Limit (Vac),GridVoltLimitHigh,Number,,,,,,,,,,,,,
Envy 48V,Grid,3,Grid Protection,2,Grid Protection Parameters,1,default,true,GridProtection.GridVoltLimit3,3,Grid Voltage Limits (Stage 3),"Voltage trip window. If grid voltage rises above or falls below these thresholds for longer than the threshold time allows, the inverter will disconnect from the grid.",Attribute,RW,,,,HybridInverter,GridProtection,GridVoltLimit3,2,Lower Limit (Vac),GridVoltLimitLow,Number,,,,,,,,,,,,,
Envy 48V,Grid,3,Grid Protection,2,Grid Protection Parameters,1,default,true,GridProtection.GridFreqLimit1,4,Grid Frequency Limits (Stage 1),"Sets the upper and lower grid frequency thresholds. If grid frequency goes outside this range, the inverter will disconnect from the grid to protect the system and comply with grid safety standards.",Attribute,RW,,,,HybridInverter,GridProtection,GridFreqLimit1,1,Upper Limit (Hz),GridFreqLimitHigh,Number,,,,,,,,,,,,,
Envy 48V,Grid,3,Grid Protection,2,Grid Protection Parameters,1,default,true,GridProtection.GridFreqLimit1,4,Grid Frequency Limits (Stage 1),"Sets the upper and lower grid frequency thresholds. If grid frequency goes outside this range, the inverter will disconnect from the grid to protect the system and comply with grid safety standards.",Attribute,RW,,,,HybridInverter,GridProtection,GridFreqLimit1,2,Lower Limit (Hz),GridFreqLimitLow,Number,,,,,,,,,,,,,
Envy 48V,Grid,3,Grid Protection,2,Grid Protection Parameters,1,default,true,GridProtection.GridFreqLimit2,5,Grid Frequency Limits (Stage 2),"Sets the upper and lower grid frequency thresholds. If grid frequency goes outside this range, the inverter will disconnect from the grid to protect the system and comply with grid safety standards.",Attribute,RW,,,,HybridInverter,GridProtection,GridFreqLimit2,1,Upper Limit (Hz),GridFreqLimitHigh,Number,,,,,,,,,,,,,
Envy 48V,Grid,3,Grid Protection,2,Grid Protection Parameters,1,default,true,GridProtection.GridFreqLimit2,5,Grid Frequency Limits (Stage 2),"Sets the upper and lower grid frequency thresholds. If grid frequency goes outside this range, the inverter will disconnect from the grid to protect the system and comply with grid safety standards.",Attribute,RW,,,,HybridInverter,GridProtection,GridFreqLimit2,2,Lower Limit (Hz),GridFreqLimitLow,Number,,,,,,,,,,,,,
Envy 48V,Grid,3,Grid Protection,2,Grid Protection Parameters,1,default,true,GridProtection.GridFreqLimit3,6,Grid Frequency Limits (Stage 3),"Sets the upper and lower grid frequency thresholds. If grid frequency goes outside this range, the inverter will disconnect from the grid to protect the system and comply with grid safety standards.",Attribute,RW,,,,HybridInverter,GridProtection,GridFreqLimit3,1,Upper Limit (Hz),GridFreqLimitHigh,Number,,,,,,,,,,,,,
Envy 48V,Grid,3,Grid Protection,2,Grid Protection Parameters,1,default,true,GridProtection.GridFreqLimit3,6,Grid Frequency Limits (Stage 3),"Sets the upper and lower grid frequency thresholds. If grid frequency goes outside this range, the inverter will disconnect from the grid to protect the system and comply with grid safety standards.",Attribute,RW,,,,HybridInverter,GridProtection,GridFreqLimit3,2,Lower Limit (Hz),GridFreqLimitLow,Number,,,,,,,,,,,,,
Envy 48V,Grid,3,Grid Protection,2,Grid Protection Parameters,1,default,true,GridProtection.GridVoltLimit1Time,7,Grid Voltage Trip Time,Defines how long the grid voltage must remain below the lower limit or above the upper limit (Stage 1) before the inverter disconnects from the grid.,Attribute,RW,,,,HybridInverter,GridProtection,GridVoltLimit1Time,1,Low Voltage Trip Delay (ms),GridVoltLimitLowTime,Number,,,,,,,,,,,,,
Envy 48V,Grid,3,Grid Protection,2,Grid Protection Parameters,1,default,true,GridProtection.GridVoltLimit1Time,7,Grid Voltage Trip Time,Defines how long the grid voltage must remain below the lower limit or above the upper limit (Stage 1) before the inverter disconnects from the grid.,Attribute,RW,,,,HybridInverter,GridProtection,GridVoltLimit1Time,2,High Voltage Trip Delay (ms),GridVoltLimitHighTime,Number,,,,,,,,,,,,,
Envy 48V,Grid,3,Grid Protection,2,Grid Protection Parameters,1,default,true,GridProtection.GridVoltLimit2Time,8,Grid Voltage Trip Time (Stage 2),Defines how long the grid voltage must remain below the lower limit or above the upper limit (Stage 2) before the inverter disconnects from the grid.,Attribute,RW,,,,HybridInverter,GridProtection,GridVoltLimit2Time,1,Low Voltage Trip Delay (ms),GridVoltLimitLowTime,Number,,,,,,,,,,,,,
Envy 48V,Grid,3,Grid Protection,2,Grid Protection Parameters,1,default,true,GridProtection.GridVoltLimit2Time,8,Grid Voltage Trip Time (Stage 2),Defines how long the grid voltage must remain below the lower limit or above the upper limit (Stage 2) before the inverter disconnects from the grid.,Attribute,RW,,,,HybridInverter,GridProtection,GridVoltLimit2Time,2,High Voltage Trip Delay (ms),GridVoltLimitHighTime,Number,,,,,,,,,,,,,
Envy 48V,Grid,3,Grid Protection,2,Grid Protection Parameters,1,default,true,GridProtection.GridVoltLimit3Time,9,Grid Voltage Trip Time (Stage 3),Defines how long the grid voltage must remain below the lower limit or above the upper limit (Stage 3) before the inverter disconnects from the grid.,Attribute,RW,,,,HybridInverter,GridProtection,GridVoltLimit3Time,1,Low Voltage Trip Delay (ms),GridVoltLimitLowTime,Number,,,,,,,,,,,,,
Envy 48V,Grid,3,Grid Protection,2,Grid Protection Parameters,1,default,true,GridProtection.GridVoltLimit3Time,9,Grid Voltage Trip Time (Stage 3),Defines how long the grid voltage must remain below the lower limit or above the upper limit (Stage 3) before the inverter disconnects from the grid.,Attribute,RW,,,,HybridInverter,GridProtection,GridVoltLimit3Time,2,High Voltage Trip Delay (ms),GridVoltLimitHighTime,Number,,,,,,,,,,,,,
Envy 48V,Grid,3,Grid Protection,2,Grid Protection Parameters,1,default,true,GridProtection.GridFreqLimit1Time,10,Grid Frequency Trip Time (Stage 1),Defines how long the grid frequency must remain below the lower limit or above the upper limit (Stage 1) before the inverter disconnects from the grid.,Attribute,RW,,,,HybridInverter,GridProtection,GridFreqLimit1Time,1,High Frequency Trip Delay (ms),GridFreqLimitHighTime,Number,,,,,,,,,,,,,
Envy 48V,Grid,3,Grid Protection,2,Grid Protection Parameters,1,default,true,GridProtection.GridFreqLimit1Time,10,Grid Frequency Trip Time (Stage 1),Defines how long the grid frequency must remain below the lower limit or above the upper limit (Stage 1) before the inverter disconnects from the grid.,Attribute,RW,,,,HybridInverter,GridProtection,GridFreqLimit1Time,2,Low Frequency Trip Delay (ms),GridFreqLimitLowTime,Number,,,,,,,,,,,,,
Envy 48V,Grid,3,Grid Protection,2,Grid Protection Parameters,1,default,true,GridProtection.GridFreqLimit2Time,11,Grid Frequency Trip Time (Stage 2),Defines how long the grid frequency must remain below the lower limit or above the upper limit (Stage 2) before the inverter disconnects from the grid.,Attribute,RW,,,,HybridInverter,GridProtection,GridFreqLimit2Time,1,High Frequency Trip Delay (ms),GridFreqLimitHighTime,Number,,,,,,,,,,,,,
Envy 48V,Grid,3,Grid Protection,2,Grid Protection Parameters,1,default,true,GridProtection.GridFreqLimit2Time,11,Grid Frequency Trip Time (Stage 2),Defines how long the grid frequency must remain below the lower limit or above the upper limit (Stage 2) before the inverter disconnects from the grid.,Attribute,RW,,,,HybridInverter,GridProtection,GridFreqLimit2Time,2,Low Frequency Trip Delay (ms),GridFreqLimitLowTime,Number,,,,,,,,,,,,,
Envy 48V,Grid,3,Grid Protection,2,Grid Protection Parameters,1,default,true,GridProtection.GridFreqLimit3Time,12,Grid Frequency Trip Time (Stage 3),Defines how long the grid frequency must remain below the lower limit or above the upper limit (Stage 3) before the inverter disconnects from the grid.,Attribute,RW,,,,HybridInverter,GridProtection,GridFreqLimit3Time,1,High Frequency Trip Delay (ms),GridFreqLimitHighTime,Number,,,,,,,,,,,,,
Envy 48V,Grid,3,Grid Protection,2,Grid Protection Parameters,1,default,true,GridProtection.GridFreqLimit3Time,12,Grid Frequency Trip Time (Stage 3),Defines how long the grid frequency must remain below the lower limit or above the upper limit (Stage 3) before the inverter disconnects from the grid.,Attribute,RW,,,,HybridInverter,GridProtection,GridFreqLimit3Time,2,Low Frequency Trip Delay (ms),GridFreqLimitLowTime,Number,,,,,,,,,,,,,
Envy 48V,Grid,3,Grid Connection,3,,1,default,,GridConnection.PermitServiceStatus,1,Permit to Operate,Shows whether the inverter is permitted to operate in grid-connected mode.,Attribute,R,true,,,HybridInverter,GridConnection,PermitServiceStatus,1,Permit Status,Mode,enum,,,,,,,,,"{""0"":""Disable"",""1"":""Enable""}","{""0"":""Not Permitted"",""1"":""Permitted""}",,,
Envy 48V,Grid,3,Grid Connection,3,,1,default,,GridConnection.RampRate,2,Ramp Rate,How quickly inverter output is allowed to increase.,Attribute,R,true,,,HybridInverter,GridConnection,RampRate,1,Ramp Rate (%/sec),Rate,Number,,,,,,,,,,,,,
Envy 48V,Grid,3,Grid Connection,3,,1,default,,GridConnection.ApplicableVoltage,3,Applicable Grid Voltage Range,Voltage window within which grid connection is permitted. Outside this range the inverter will not connect or will disconnect.,Attribute,R,true,,,HybridInverter,GridConnection,ApplicableVoltage,1,Lower Limit (Vac),ApplicableVoltageLow,Number,,,,,,,,,,,,,
Envy 48V,Grid,3,Grid Connection,3,,1,default,,GridConnection.ApplicableVoltage,3,Applicable Grid Voltage Range,Voltage window within which grid connection is permitted. Outside this range the inverter will not connect or will disconnect.,Attribute,R,true,,,HybridInverter,GridConnection,ApplicableVoltage,2,Upper Limit (Vac),ApplicableVoltageHigh,Number,,,,,,,,,,,,,
Envy 48V,Grid,3,Grid Connection,3,,1,default,,GridConnection.ApplicableFrequency,4,Applicable Grid Frequency Range,Frequency window within which grid connection is permitted. Outside this range the inverter will not connect or will disconnect.,Attribute,R,true,,,HybridInverter,GridConnection,ApplicableFrequency,1,Lower Limit (Hz),ApplicableFrequencyLow,Number,,,,,,,,,,,,,
Envy 48V,Grid,3,Grid Connection,3,,1,default,,GridConnection.ApplicableFrequency,4,Applicable Grid Frequency Range,Frequency window within which grid connection is permitted. Outside this range the inverter will not connect or will disconnect.,Attribute,R,true,,,HybridInverter,GridConnection,ApplicableFrequency,2,Upper Limit (Hz),ApplicableFrequencyHigh,Number,,,,,,,,,,,,,
Envy 48V,Grid,3,Grid Connection,3,,1,default,,GridConnection.DelayTime,5,Connection Delay Times,Delays applied before initial grid connection and after a grid disturbance clears (reconnection). These timers help meet interconnection standards.  The connection delay is how long the inverter will wait after first being powered on.  Reconnection delay is how long the inverter will wait after a grid disturbance or outage clears.,Attribute,R,true,,,HybridInverter,GridConnection,DelayTime,1,Connection Delay (s),ConnectionDelayTime,Number,,,,,,,,,,,,,
Envy 48V,Grid,3,Grid Connection,3,,1,default,,GridConnection.DelayTime,5,Connection Delay Times,Delays applied before initial grid connection and after a grid disturbance clears (reconnection). These timers help meet interconnection standards.  The connection delay is how long the inverter will wait after first being powered on.  Reconnection delay is how long the inverter will wait after a grid disturbance or outage clears.,Attribute,R,true,,,HybridInverter,GridConnection,DelayTime,2,Reconnection Delay (s),ReconnectionDelayTime,Number,,,,,,,,,,,,,
Envy 48V,Grid,3,Grid Support,4,Constant Power Factor,1,default,true,ConstantPowerFactorMode.ConstantPowerFactorModeStatus,1,Power Factor Mode,Shows whether constant power-factor control is active.,Attribute,R,true,,,HybridInverter,ConstantPowerFactorMode,ConstantPowerFactorModeStatus,1,Status,Mode,enum,,,,,,,,,"{""0"":""Disable"",""1"":""Enable""}","{""0"":""Inactive — No PF control"",""1"":""Active — Constant PF""}",,,
Envy 48V,Grid,3,Grid Support,4,Constant Power Factor,1,default,true,ConstantPowerFactorMode.ConstantPowerFactor,2,Power Factor Setpoint,The target power factor and excitation. Under-excited = lagging (absorbing vars); Over-excited = leading (supplying vars).,Attribute,R,true,,,HybridInverter,ConstantPowerFactorMode,ConstantPowerFactor,1,Excitation,Excited,enum,,,,,,,,,"{""0"":""Under-excited"",""1"":""Over-excited""}","{""0"":""Under-excited"",""1"":""Over-excited""}",,,
Envy 48V,Grid,3,Grid Support,4,Constant Power Factor,1,default,true,ConstantPowerFactorMode.ConstantPowerFactor,2,Power Factor Setpoint,The target power factor and excitation. Under-excited = lagging (absorbing vars); Over-excited = leading (supplying vars).,Attribute,R,true,,,HybridInverter,ConstantPowerFactorMode,ConstantPowerFactor,2,Power Factor (PF),PowerFactor,Number,,,,,,,,,,,,,
Envy 48V,Grid,3,Grid Support,4,Constant Reactive Power,2,default,true,ConstantReactivePowerMode.ConstantReactivePowerModeStatus,1,Reactive Power Mode,Shows whether constant reactive-power control is active.,Attribute,R,true,,,HybridInverter,ConstantReactivePowerMode,ConstantReactivePowerModeStatus,1,Excitation,Excited,enum,,,,,,,,,"{""0"":""Under-excited"",""1"":""Over-excited""}","{""0"":""Under-excited"",""1"":""Over-excited""}",,,
Envy 48V,Grid,3,Grid Support,4,Constant Reactive Power,2,default,true,ConstantReactivePowerMode.ConstantReactivePowerModeStatus,1,Reactive Power Mode,Shows whether constant reactive-power control is active.,Attribute,R,true,,,HybridInverter,ConstantReactivePowerMode,ConstantReactivePowerModeStatus,2,Status,Status,enum,,,,,,,,,"{""0"":""Disable"",""1"":""Enable""}","{""0"":""Inactive - no reactive power control"",""1"":""Active - reactive power control""}",,,
Envy 48V,Grid,3,Grid Support,4,Constant Reactive Power,2,default,true,ConstantReactivePowerMode.ReactivePowerPercentCMD,2,Reactive Power Setpoint,Displays the reactive-power target as a percentage of rated power (vars). Excitation determines whether vars are supplied (leading) or absorbed (lagging).,Attribute,R,true,,,HybridInverter,ConstantReactivePowerMode,ReactivePowerPercentCMD,1,Reactive Power (%),Power,Number,,,,,,,,,,,,,
Envy 48V,Grid,3,Grid Support,4,Volt-VAR (Voltage-Reactive Power),3,default,true,VoltageReactivePowerMode.VoltageReactivePowerMode,1,Volt-VAR Mode,Shows whether Volt-VAR (voltage-reactive power) control is active. This value is read-only and reflects the current configuration or utility command.,Attribute,R,true,,,HybridInverter,VoltageReactivePowerMode,VoltageReactivePowerMode,1,Mode,Mode,enum,,,,,,,,,"{""0"":""Disable"",""1"":""Enable""}","{""0"":""Inactive - no Volt-VAR control"",""1"":""Active - Volt-VAR control""}",,,
Envy 48V,Grid,3,Grid Support,4,Volt-VAR (Voltage-Reactive Power),3,default,true,VoltageReactivePowerMode.AutonomousVrefAdjustment,2,Autonomous Vref Adjustment,Indicates whether the inverter autonomously adjusts its reference voltage (Vref).,Attribute,R,true,,,HybridInverter,VoltageReactivePowerMode,AutonomousVrefAdjustment,1,Autonomous Adjustment,Mode,enum,,,,,,,,,"{""0"":""Disable"",""1"":""Enable""}","{""0"":""Disable"",""1"":""Enable""}",,,
Envy 48V,Grid,3,Grid Support,4,Volt-VAR (Voltage-Reactive Power),3,default,true,VoltageReactivePowerMode.Verf,3,Reference Voltage (Vref),Voltage reference used for Volt-VAR calculations.,Attribute,R,true,,,HybridInverter,VoltageReactivePowerMode,Verf,1,Vref,Verf,Number,,,,,,,,,,,,,
Envy 48V,Grid,3,Grid Support,4,Volt-VAR (Voltage-Reactive Power),3,default,true,VoltageReactivePowerMode.VrefAdjustmentTimeConstant,4,Vref Adjustment Time Constant,Time constant applied when adjusting Vref.,Attribute,R,true,,,HybridInverter,VoltageReactivePowerMode,VrefAdjustmentTimeConstant,1,Time Constant,Time,Number,,,,,,,,,,,,,
Envy 48V,Grid,3,Grid Support,4,Volt-VAR (Voltage-Reactive Power),3,default,true,VoltageReactivePowerMode.UnderOverVoltage,5,Volt-VAR Voltage Breakpoints,Voltage points (V1-V4) that define the Volt-VAR curve breakpoints.,Attribute,R,true,,,HybridInverter,VoltageReactivePowerMode,UnderOverVoltage,1,V1 (Voltage Point 1),V1,Number,,,,,,,,,,,,,
Envy 48V,Grid,3,Grid Support,4,Volt-VAR (Voltage-Reactive Power),3,default,true,VoltageReactivePowerMode.UnderOverVoltage,5,Volt-VAR Voltage Breakpoints,Voltage points (V1-V4) that define the Volt-VAR curve breakpoints.,Attribute,R,true,,,HybridInverter,VoltageReactivePowerMode,UnderOverVoltage,2,V2 (Voltage Point 2),V2,Number,,,,,,,,,,,,,
Envy 48V,Grid,3,Grid Support,4,Volt-VAR (Voltage-Reactive Power),3,default,true,VoltageReactivePowerMode.UnderOverVoltage,5,Volt-VAR Voltage Breakpoints,Voltage points (V1-V4) that define the Volt-VAR curve breakpoints.,Attribute,R,true,,,HybridInverter,VoltageReactivePowerMode,UnderOverVoltage,3,V3 (Voltage Point 3),V3,Number,,,,,,,,,,,,,
Envy 48V,Grid,3,Grid Support,4,Volt-VAR (Voltage-Reactive Power),3,default,true,VoltageReactivePowerMode.UnderOverVoltage,5,Volt-VAR Voltage Breakpoints,Voltage points (V1-V4) that define the Volt-VAR curve breakpoints.,Attribute,R,true,,,HybridInverter,VoltageReactivePowerMode,UnderOverVoltage,4,V4 (Voltage Point 4),V4,Number,,,,,,,,,,,,,
Envy 48V,Grid,3,Grid Support,4,Volt-VAR (Voltage-Reactive Power),3,default,true,VoltageReactivePowerMode.Q1,6,Reactive Power Setpoint Q1,Reactive power at voltage point V1 on the Volt-VAR curve.,Attribute,R,true,,,HybridInverter,VoltageReactivePowerMode,Q1,1,Q1 (Reactive Setpoint 1),Q1,Number,,,,,,,,,,,,,
Envy 48V,Grid,3,Grid Support,4,Volt-VAR (Voltage-Reactive Power),3,default,true,VoltageReactivePowerMode.Q2,7,Reactive Power Setpoint Q2,Reactive power at voltage point V2 on the Volt-VAR curve.,Attribute,R,true,,,HybridInverter,VoltageReactivePowerMode,Q2,1,Q2 (Reactive Setpoint 2),Q2,Number,,,,,,,,,,,,,
Envy 48V,Grid,3,Grid Support,4,Volt-VAR (Voltage-Reactive Power),3,default,true,VoltageReactivePowerMode.Q3,8,Reactive Power Setpoint Q3,Reactive power at voltage point V3 on the Volt-VAR curve.,Attribute,R,true,,,HybridInverter,VoltageReactivePowerMode,Q3,1,Q3 (Reactive Setpoint 3),Q3,Number,,,,,,,,,,,,,
Envy 48V,Grid,3,Grid Support,4,Volt-VAR (Voltage-Reactive Power),3,default,true,VoltageReactivePowerMode.Q4,9,Reactive Power Setpoint Q4,Reactive power at voltage point V4 on the Volt-VAR curve.,Attribute,R,true,,,HybridInverter,VoltageReactivePowerMode,Q4,1,Q4 (Reactive Setpoint 4),Q4,Number,,,,,,,,,,,,,
Envy 48V,Grid,3,Grid Support,4,Volt-VAR (Voltage-Reactive Power),3,default,true,VoltageReactivePowerMode.OpenLoopResponseTime,10,Open-Loop Response Time,Response time used for open-loop Volt-VAR changes.,Attribute,R,true,,,HybridInverter,VoltageReactivePowerMode,OpenLoopResponseTime,1,Response Time,Time,Number,,,,,,,,,,,,,
Envy 48V,Grid,3,Grid Support,4,P-Q Mode (Active-Reactive Power),4,default,true,ActivePowerReactivePowerMode.PQModeStatus,1,P-Q Mode Status,Shows whether Active/Reactive Power (P-Q) control mode is enabled.,Attribute,R,true,,,HybridInverter,ActivePowerReactivePowerMode,PQModeStatus,1,Mode,Mode,enum,,,,,,,,,"{""0"":""Disable"",""1"":""Enable""}","{""0"":""Inactive - no P-Q control"",""1"":""Active - P-Q control""}",,,
Envy 48V,Grid,3,Grid Support,4,P-Q Mode (Active-Reactive Power),4,default,true,ActivePowerReactivePowerMode.P_QP,2,P-Q Curve Points,Breakpoint setpoints for the Active/Reactive Power (P-Q) characteristic.,Attribute,R,true,,,HybridInverter,ActivePowerReactivePowerMode,P_QP,1,P1 Setpoint,P1,Number,,,,,,,,,,,,,
Envy 48V,Grid,3,Grid Support,4,P-Q Mode (Active-Reactive Power),4,default,true,ActivePowerReactivePowerMode.P_QP,2,P-Q Curve Points,Breakpoint setpoints for the Active/Reactive Power (P-Q) characteristic.,Attribute,R,true,,,HybridInverter,ActivePowerReactivePowerMode,P_QP,2,P2 Setpoint,P2,Number,,,,,,,,,,,,,
Envy 48V,Grid,3,Grid Support,4,P-Q Mode (Active-Reactive Power),4,default,true,ActivePowerReactivePowerMode.P_QP,2,P-Q Curve Points,Breakpoint setpoints for the Active/Reactive Power (P-Q) characteristic.,Attribute,R,true,,,HybridInverter,ActivePowerReactivePowerMode,P_QP,3,P3 Setpoint,P3,Number,,,,,,,,,,,,,
Envy 48V,Grid,3,Grid Support,4,Volt-Watt (Voltage-Active Power),5,default,true,VoltageActivePowerMode.VoltageActivePowerMode,1,Volt-Watt Mode,Shows whether Volt-Watt (voltage-active power) control is enabled.,Attribute,R,true,,,HybridInverter,VoltageActivePowerMode,VoltageActivePowerMode,1,Mode,Mode,enum,,,,,,,,,"{""0"":""Disable"",""1"":""Enable""}","{""0"":""Inactive - no Volt-Watt control"",""1"":""Active - Volt-Watt control""}",,,
Envy 48V,Grid,3,Grid Support,4,Volt-Watt (Voltage-Active Power),5,default,true,VoltageActivePowerMode.VoltWattV,2,Volt-Watt Voltage Breakpoints,Voltage points that define the Volt-Watt curve.,Attribute,R,true,,,HybridInverter,VoltageActivePowerMode,VoltWattV,1,V1 (Voltage Point 1),VoltWattV1,Number,,,,,,,,,,,,,
Envy 48V,Grid,3,Grid Support,4,Volt-Watt (Voltage-Active Power),5,default,true,VoltageActivePowerMode.VoltWattV,2,Volt-Watt Voltage Breakpoints,Voltage points that define the Volt-Watt curve.,Attribute,R,true,,,HybridInverter,VoltageActivePowerMode,VoltWattV,2,V2 (Voltage Point 2),VoltWattV2,Number,,,,,,,,,,,,,
Envy 48V,Grid,3,Grid Support,4,Volt-Watt (Voltage-Active Power),5,default,true,VoltageActivePowerMode.VoltWattP2,3,Volt-Watt Power Setpoint,Power setpoint at voltage breakpoint V2 on the Volt-Watt curve.,Attribute,R,true,,,HybridInverter,VoltageActivePowerMode,VoltWattP2,1,P2 Setpoint,VoltWattP2,Number,,,,,,,,,,,,,
Envy 48V,Grid,3,Grid Support,4,Volt-Watt (Voltage-Active Power),5,default,true,VoltageActivePowerMode.OpenLoopResponseTime,4,Open-Loop Response Time,Response time used for open-loop Volt-Watt changes.,Attribute,R,true,,,HybridInverter,VoltageActivePowerMode,OpenLoopResponseTime,1,Response Time,Time,Number,,,,,,,,,,,,,
Envy 48V,Grid,3,Grid Support,4,Freq-Watt (Frequency-Active Power),6,default,true,FrequencyActivePowerMode.FrequencyActivePowerModeStatus,1,Frequency-Active Power Mode,Indicates whether frequency-power (Freq-Watt) control is currently enabled.,Attribute,R,true,,,HybridInverter,FrequencyActivePowerMode,FrequencyActivePowerModeStatus,1,Mode,Mode,enum,,,,,,,,,"{""0"":""Disable"",""1"":""Enable""}","{""0"":""Disable"",""1"":""Enable""}",,,
Envy 48V,Grid,3,Grid Support,4,Freq-Watt (Frequency-Active Power),6,default,true,FrequencyActivePowerMode.OpenLoopResponseTime,2,Open-Loop Response Time,Response time applied to open-loop frequency-power adjustments.,Attribute,R,true,,,HybridInverter,FrequencyActivePowerMode,OpenLoopResponseTime,1,Response Time,Time,Number,,,,,,,,,,,,,
Envy 48V,Grid,3,Grid Support,4,Freq-Watt (Frequency-Active Power),6,default,true,FrequencyActivePowerMode.OverFrequencyDroop_dbOF,3,Over-Frequency Droop: Deadband,Over Frequency Droop dbOF — Deadband around nominal frequency before active power reduction begins.,Attribute,R,true,,,HybridInverter,FrequencyActivePowerMode,OverFrequencyDroop_dbOF,1,Deadband (Hz),Frequency,Number,,,,,,,,,,,,,
Envy 48V,Grid,3,Grid Support,4,Freq-Watt (Frequency-Active Power),6,default,true,FrequencyActivePowerMode.OverFrequencyDroop_kOF,4,Over-Frequency Droop: Gain (k),Over Frequency Droop kOF — Slope (gain k) of active power reduction versus frequency rise above nominal.,Attribute,R,true,,,HybridInverter,FrequencyActivePowerMode,OverFrequencyDroop_kOF,1,Gain k (slope),Frequency,Number,,,,,,,,,,,,,
Envy 48V,Grid,3,Grid Support,4,Freq-Watt (Frequency-Active Power),6,default,true,FrequencyActivePowerMode.UnderFrequencyDroop_dbUF,5,Under-Frequency Droop: Deadband,Under Frequency Droop dbUF — Deadband around nominal frequency before active power increase/response begins.,Attribute,R,true,,,HybridInverter,FrequencyActivePowerMode,UnderFrequencyDroop_dbUF,1,Deadband (Hz),Frequency,Number,,,,,,,,,,,,,
Envy 48V,Grid,3,Grid Support,4,Freq-Watt (Frequency-Active Power),6,default,true,FrequencyActivePowerMode.UnderFrequencyDroop_kUF,6,Under-Frequency Droop: Gain (k),Under Frequency Droop kUF — Slope (gain k) of active power response versus frequency drop below nominal.,Attribute,R,true,,,HybridInverter,FrequencyActivePowerMode,UnderFrequencyDroop_kUF,1,Gain k (slope),Frequency,Number,,,,,,,,,,,,,
Envy 48V,Backup Power,4,Backup Power,1,,1,default,,BackupPower.OffGridOutput,1,Off-Grid Output,Controls whether the inverter provides AC output when operating without the utility grid. Disable to prevent output in off-grid mode.,Attribute,RW,,,,HybridInverter,BackupPower,OffGridOutput,1, ,Mode,enum,,,,,,,,,"{""0"":""Disable"",""1"":""Enable""}","{""0"":""Disable"",""1"":""Enable""}",,,
Envy 48V,Backup Power,4,Backup Power,1,,1,default,,BackupPower.EPSVoltage,2,Backup (EPS) Output Voltage,Selects the AC output voltage when operating in backup (EPS) mode. Match this to your local service voltage for proper compatibility with connected loads.,Attribute,RW,,,,HybridInverter,BackupPower,EPSVoltage,1,Voltage (Vac),Voltage,enum,,,,,,,,,"{""0"":""208"",""1"":""220"",""2"":""230"",""3"":""240"",""4"":""277""}","{""0"":""208 V"",""1"":""220 V"",""2"":""230 V"",""3"":""240 V"",""4"":""277 V""}",,,
Envy 48V,Generator,5,Generator,1,,1,default,,Generator.LinkedPort,1,Generator Port Connection,"If using a generator, select which port it's connected to — either the GEN port or the Grid Input port (sometimes called microgrid mode). If no generator is installed, leave this setting on GEN port.",Attribute,RW,,,,HybridInverter,Generator,LinkedPort,1,Generator connected to,Port,enum,,,,,,,,,"{""0"":""GeneratorPort"",""1"":""GridPort""}","{""0"":""GEN port (also select if not using generator)."",""1"":""Grid port (aka microgrid mode)""}",,,
Envy 48V,Generator,5,Generator,1,,1,default,,Generator.BatteryChargeCurrentLimit,2,Battery Charge Current Limit,Sets the maximum DC current the inverter will send to the battery when charging from the generator.,Attribute,RW,,,,HybridInverter,Generator,BatteryChargeCurrentLimit,1,Charge Current (Adc),Current,Number,,,,,,,,,,,,,
Envy 48V,Generator,5,Generator,1,,1,default,,Generator.GeneratorRatedPower,3,Generator Rated Power,Specify the generator's continuous rated output power.,Attribute,RW,,,,HybridInverter,Generator,GeneratorRatedPower,1,Rated Power (kW),Power,Number,,,,,0,100,,,,,,,
Envy 48V,Generator,5,Generator,1,,1,default,,Generator.GeneratorCoolDownTime,4,Generator Cool-Down Time,Sets the time the generator continues running after charging stops to allow for safe cooling.,Attribute,RW,,,,HybridInverter,Generator,GeneratorCoolDownTime,1,Cool-Down Time (min),Time,Number,,,,,,,,,,,,,
Envy 48V,Generator,5,Generator,1,,1,default,,Generator.GeneratorSOC,5,Generator Start/Stop SOC,Configures the battery state of charge thresholds for automatic generator control. The generator will start when battery SOC drops to StartSOC and stop when it reaches StopSOC.,Attribute,RW,,,,HybridInverter,Generator,GeneratorSOC,1,Start SOC (%),StartSOC,Number,Generator starts when battery drops to this level,,,,0,90,StopSOC,,,,,,
Envy 48V,Generator,5,Generator,1,,1,default,,Generator.GeneratorSOC,5,Generator Start/Stop SOC,Configures the battery state of charge thresholds for automatic generator control. The generator will start when battery SOC drops to StartSOC and stop when it reaches StopSOC.,Attribute,RW,,,,HybridInverter,Generator,GeneratorSOC,2,Stop SOC (%),StopSOC,Number,Generator stops when battery charges to this level,,,,5,100,,StartSOC,,,,,
Envy 48V,Generator,5,Generator,1,,1,default,,Generator.GenDryContact,6,Generator Contactor Status,Indicates the current state of the generator control contactor.,Attribute,R,true,,,HybridInverter,Generator,GenDryContact,1,Contactor State,Mode,enum,,,,,,,,,"{""0"":""OFF"",""1"":""ON""}","{""0"":""Closed / On"",""1"":""Open / Off""}",,,
Envy 48V,Generator,5,Generator,1,,1,default,,Generator.StartGeneratorExercise,7,Battery Quick Charge with Generator,Start the generator to charge the battery.,Attribute,RW,,,,HybridInverter,Generator,StartGeneratorExercise,1, ,Mode,enum,,,,,,,,,"{""0"":""Disable"",""1"":""Enable""}","{""0"":""Stop quick charge"",""1"":""Start quick charge""}",,,
Envy 48V,Generator,5,Generator,1,,1,default,,Generator.GeneratorBoost,8,Generator Boost,Enables dynamic adjustment of generator charging power for faster battery recovery when needed.,Attribute,RW,,,,HybridInverter,Generator,GeneratorBoost,1, ,Mode,enum,,,,,,,,,"{""0"":""Disable"",""1"":""Enable""}","{""0"":""Disable"",""1"":""Enable""}",,,
Envy 48V,AC Coupled PV,6,AC Coupled PV,1,,1,default,,ACCoupledPV.ACCoupledPV,1,AC Coupled PV,Enable this option when connecting a grid-tied solar inverter (AC Coupled PV) to the system. Disable when no AC Coupled PV is present.,Attribute,RW,,,,HybridInverter,ACCoupledPV,ACCoupledPV,1,AC Coupled PV Mode,Mode,enum,,,,,,,,,"{""0"":""Disable"",""1"":""Enable""}","{""0"":""Disable"",""1"":""Enable""}",,,
Envy 48V,AC Coupled PV,6,AC Coupled PV,1,,1,default,,ACCoupledPV.ACCouplePVSOC,2,AC Coupled PV Start/Stop SOC,Defines the battery state-of-charge thresholds that control when the inverter allows AC Coupled PV charging to start and stop.,Attribute,RW,,,,HybridInverter,ACCoupledPV,ACCouplePVSOC,1,Start SOC (%),StartSOC,Number,AC Coupled PV begins charging when SOC drops to this level,,,,0,100,StopSOC,,,,,,
Envy 48V,AC Coupled PV,6,AC Coupled PV,1,,1,default,,ACCoupledPV.ACCouplePVSOC,2,AC Coupled PV Start/Stop SOC,Defines the battery state-of-charge thresholds that control when the inverter allows AC Coupled PV charging to start and stop.,Attribute,RW,,,,HybridInverter,ACCoupledPV,ACCouplePVSOC,2,Stop SOC (%),StopSOC,Number,AC Coupled PV stops charging when SOC reaches this level,,,,0,100,,StartSOC,,,,,
Envy 48V,Smart Load,7,Smart Load,1,,1,default,,LoadShedding.SmartLoad,1,Use Smart Load,Powers non-essential loads only when excess solar or battery energy is available. Enable this to automatically use surplus energy for optional circuits.,Attribute,RW,,,,HybridInverter,LoadShedding,SmartLoad,1,,Mode,enum,,,,,,,,,"{""0"":""Disable"",""1"":""Enable""}","{""0"":""Disabled"",""1"":""Enabled""}",,,
Envy 48V,Smart Load,7,Smart Load,1,,1,default,,LoadShedding.OnGridAlwaysOn,2,Smart Load On-Grid Behavior,"Determines Smart Load behavior while the system is connected to the grid. When enabled, the Smart Load remains powered even if normal control conditions are not met. (AKA: **On-Grid Always On**.)",Attribute,RW,,,,HybridInverter,LoadShedding,OnGridAlwaysOn,1,On-Grid Always-On Mode,Mode,enum,,,,,,,,,"{""0"":""Disable"",""1"":""Enable""}","{""0"":""Follow normal rules"",""1"":""Always On When Grid Present""}",,,
Envy 48V,Smart Load,7,Smart Load,1,,1,default,,LoadShedding.StartPVPower,3,Smart Load Start Power,Defines when the Smart Load turns on. The Smart Load port is energized once PV power exceeds this threshold **and** the battery SOC is above the start limit.,Attribute,RW,,,,HybridInverter,LoadShedding,StartPVPower,1,PV Power Above (W),Power,Number,,,,,0,100,,,,,,,
Envy 48V,Smart Load,7,Smart Load,1,,1,default,,LoadShedding.SmartLoadSOC,4,Smart Load SOC Limits,Defines the battery state-of-charge limits that control the Smart Load. The Smart Load turns on when SOC rises above the start limit **and** PV power exceeds the start power limit.  Smart load turns off when SOC falls below the stop limit.,Attribute,RW,,,,HybridInverter,LoadShedding,SmartLoadSOC,1,Start When Battery SOC Is Above (%),OnSOC,Number,,,,,0,100,OffSOC,,,,,,
Envy 48V,Smart Load,7,Smart Load,1,,1,default,,LoadShedding.SmartLoadSOC,4,Smart Load SOC Limits,Defines the battery state-of-charge limits that control the Smart Load. The Smart Load turns on when SOC rises above the start limit **and** PV power exceeds the start power limit.  Smart load turns off when SOC falls below the stop limit.,Attribute,RW,,,,HybridInverter,LoadShedding,SmartLoadSOC,2,Stop When Battery SOC Is Below (%),OffSOC,Number,,,,,0,100,,OnSOC,,,,,