command_id,title,help,element_type,access,MEP,Cluster,Element,InvokeResponse,Invoke,WriteResponse,Write,ReadResponse,Read,arg,name,dtype,description,longdescription,unit,range_min,range_max,less_than,greater_than,meanings,friendly_meanings
Basic.SystemTime,System Time,Attribute in Basic cluster,attribute,RW,HybridInverter,Basic,SystemTime,,,"{
    ""code"": 0,
    ""message"": ""Success"",
    ""version"": ""1.0"",
    ""requestId"": 123,
    ""timestamp"": 1735006163,
    ""data"": {
        ""code"": 0,
        ""message"": ""Success"",
        ""Elements"": [
            {
                ""MEP"": ""HybridInverter"",
                ""Cluster"": ""Basic"",
                ""Element"": ""SystemTime"",
                ""arguments"": {
                    ""Year"": 24,
                    ""Mon"": 7,
                    ""Day"": 8,
                    ""Hour"": 9,
                    ""Min"": 10,
                    ""Sec"": 11
                },
                ""code"": 0,
                ""message"": ""Success""
            }
        ]
    }
}","{
    ""version"": ""1.0"",
    ""timeout"": 60,
    ""requestId"": 123,
    ""endPoint"": ""Matter"",
    ""method"": ""Write"",
    ""data"": {
        ""Elements"": [
            {
                ""MEP"": ""HybridInverter"",
                ""Cluster"": ""Basic"",
                ""Element"": ""SystemTime"",
                ""arguments"": {
                    ""Year"": 24,
                    ""Mon"": 7,
                    ""Day"": 8,
                    ""Hour"": 9,
                    ""Min"": 10,
                    ""Sec"": 11
                }
            }
        ],
        ""thingId"": {
            ""Type"": ""Inverter"",
            ""Mn"": ""fortress"",
            ""Md"": ""FP-ENVY-Inverter"",
            ""SN"": ""04237218B0""
        }
    }
}","{
    ""code"": 0,
    ""message"": ""Success"",
    ""version"": ""1.0"",
    ""requestId"": 123,
    ""timestamp"": 1735005360,
    ""data"": {
        ""code"": 0,
        ""message"": ""Success"",
        ""Elements"": [
            {
                ""MEP"": ""HybridInverter"",
                ""Cluster"": ""Basic"",
                ""Element"": ""SystemTime"",
                ""code"": 0,
                ""message"": {
                    ""Mon"": 24,
                    ""Year"": 12,
                    ""Hour"": 23,
                    ""Min"": 28,
                    ""Sec"": 55,
                    ""Day"": 17
                }
            }
        ]
    }
}","{
    ""version"": ""1.0"",
    ""timeout"": 60,
    ""requestId"": 123,
    ""endPoint"": ""Matter"",
    ""method"": ""Read"",
    ""data"": {
        ""Elements"": [
            {
                ""MEP"": ""HybridInverter"",
                ""Cluster"": ""Basic"",
                ""Element"": ""SystemTime""
            }
        ],
        ""thingId"": {
            ""Type"": ""Inverter"",
            ""Mn"": ""fortress"",
            ""Md"": ""FP-ENVY-Inverter"",
            ""SN"": ""04237218B0""
        }
    }
}",Year,Year,Number,,,,0.0,99.0,,,,
,,,,,,,,,,,,,,Mon,Mon,Number,,,,1.0,12.0,,,,
,,,,,,,,,,,,,,Day,Day,Number,,,,1.0,31.0,,,,
,,,,,,,,,,,,,,Hour,Hour,Number,,,,0.0,23.0,,,,
,,,,,,,,,,,,,,Min,Min,Number,,,,0.0,59.0,,,,
,,,,,,,,,,,,,,Sec,Sec,Number,,,,0.0,59.0,,,,
Basic.OperatingMode,Grid Interaction,"Select whether the inverter operates independently of the grid, or is connected to the grid. If off-grid, you should also ignore grid-loss warnings.",attribute,RW,HybridInverter,Basic,OperatingMode,,,,,,,Mode,Mode,enum,,,,,,,,"Off-grid,Grid-tied","Off-Grid.  There is no available power grid,Grid-Tied. Grid power is available."
Basic.WorkMode,Operating Mode,"Select how solar power is prioritized. Self-consumption: PV powers the home first, then charges the battery, and exports last (if allowed). Export first: PV powers the home, then exports to grid, and charges the battery last. Backup power: PV charges the battery first to build reserve, then powers the home, and exports last (if allowed). If a battery schedule is running (PV Charge Only, Discharge Only, or Grid Charge), the inverter will follow that schedule during those times instead of this operating mode. When the scheduled period ends, the inverter will return to the selected operating mode.",attribute,RW,HybridInverter,Basic,WorkMode,,,,,,,Mode,Mode,enum,,,,,,,,"Self used mode,Feed-in priority mode,Back-up mode","Self-consumption,Export first,Backup power"
Basic.GridLossWarningClear,Ignore Grid-Loss Warning,"When enabled, the inverter will not treat the absence of grid power as an alarm. Use this mode for permanently off-grid systems where grid connection is unavailable.",attribute,RW,HybridInverter,Basic,GridLossWarningClear,,,,,,,Mode,Grid-Loss Behavior,enum,,,,,,,,"Disable,Enable","Treat as Alarm,Ignore (Off-Grid Mode)"
Basic.PowerStatus,Power Status,"Put the inverter into standby mode to stop operation or make configuration changes. While in standby, the inverter will not generate PV power or charge/discharge the battery. If grid power is available, it be used to supply the loads. If the grid is unavailable, the building will not have power.",attribute,R,HybridInverter,Basic,PowerStatus,,,,,,,State,State,enum,,,,,,,,"Standby,Other","Standby,Running"
Basic.AllToDefault,Reset to Factory Defaults,Restores all inverter configuration parameters to their original factory values. Use with caution — this cannot be undone.,service,INVOKE,HybridInverter,Basic,AllToDefault,,,,,,,,,,,,,,,,,,
Basic.PowerControl,Inverter Power Control,"Turns the inverter output on or off.

• **Standby:** AC output is disabled, but control circuits remain powered.
• **Power On:** Enables AC output and normal inverter operation.",service,INVOKE,HybridInverter,Basic,PowerControl,,,,,,,State,Power State,enum,,,,,,,,"Standby,PowerOn","Standby,Power On"
LimitActivePower.LimitActivePowerStatus,Limit Power Output,"Shows whether power output limiting is currently active. When not limited, the inverter can deliver its full available power (subject only to natural hardware limits). When limited, an external or configured cap is applied to restrict inverter output to the specified Power Limit.",attribute,R,HybridInverter,LimitActivePower,LimitActivePowerStatus,,,,,"{
    ""code"": 0,
    ""message"": ""Success"",
    ""version"": ""1.0"",
    ""requestId"": 123,
    ""timestamp"": 1736141456,
    ""data"": {
        ""code"": 0,
        ""message"": ""Success"",
        ""Elements"": [
            {
                ""MEP"": ""HybridInverter"",
                ""Cluster"": ""LimitActivePower"",
                ""Element"": ""LimitActivePowerStatus"",
                ""code"": 0,
                ""Data"": {
                    ""Mode"": ""Disable""
                }
            }
        ]
    }
}","{
    ""version"": ""1.0"",
    ""timeout"": 60,
    ""requestId"": 123,
    ""endPoint"": ""Matter"",
    ""method"": ""Read"",
    ""data"": {
        ""Elements"": [
            {
                ""MEP"": ""HybridInverter"",
                ""Cluster"": ""LimitActivePower"",
                ""Element"": ""LimitActivePowerStatus""
            }
        ],
        ""thingId"": {
            ""Type"": ""Inverter"",
            ""Mn"": ""fortress"",
            ""Md"": ""FP-ENVY-Inverter"",
            ""SN"": ""04237218B0""
        }
    }
}",Mode,Mode,enum,,,,,,,,"Disable,Enable","Not limited - full output,Limit output power"
LimitActivePower.ActivePowerPercent,Power Limit,"The inverter's present active-power output limit as a percentage of its rated capacity. If power limiting is active, the inverter will limit its output power to this percentage of its rated capacity.",attribute,R,HybridInverter,LimitActivePower,ActivePowerPercent,,,,,,,Power,Power Limit (%),Number,,,,0.0,100.0,,,,
FeedInGrid.FeedInGridStatus,Allow Selling Power to Grid,Allows the inverter to sell/export power back to the utility grid. Enable this only if local regulations and interconnect agreements permit grid export.,attribute,RW,HybridInverter,FeedInGrid,FeedInGridStatus,,,"{
    ""code"": 0,
    ""message"": ""Success"",
    ""version"": ""1.0"",
    ""requestId"": 123,
    ""timestamp"": 1735031763,
    ""data"": {
        ""code"": 0,
        ""message"": ""Success"",
        ""Elements"": [
            {
                ""MEP"": ""HybridInverter"",
                ""Cluster"": ""FeedInGrid"",
                ""Element"": ""FeedInGridStatus"",
                ""arguments"": {
                    ""Mode"": ""Enable""
                },
                ""code"": 0,
                ""message"": ""Success""
            }
        ]
    }
}","{
    ""version"": ""1.0"",
    ""timeout"": 60,
    ""requestId"": 123,
    ""endPoint"": ""Matter"",
    ""method"": ""Write"",
    ""data"": {
        ""Elements"": [
            {
                ""MEP"": ""HybridInverter"",
                ""Cluster"": ""FeedInGrid"",
                ""Element"": ""FeedInGridStatus"",
                ""arguments"": {
                    ""Mode"": ""Enable""
                }
            }
        ],
        ""thingId"": {
            ""Type"": ""Inverter"",
            ""Mn"": ""fortress"",
            ""Md"": ""FP-ENVY-Inverter"",
            ""SN"": ""04237218B0""
        }
    }
}","{
    ""code"": 0,
    ""message"": ""Success"",
    ""version"": ""1.0"",
    ""requestId"": 123,
    ""timestamp"": 1735031618,
    ""data"": {
        ""code"": 0,
        ""message"": ""Success"",
        ""Elements"": [
            {
                ""MEP"": ""HybridInverter"",
                ""Cluster"": ""FeedInGrid"",
                ""Element"": ""FeedInGridStatus"",
                ""code"": 0,
                ""message"": {
                    ""Mode"": ""Disable""
                }
            }
        ]
    }
}","{
    ""version"": ""1.0"",
    ""timeout"": 60,
    ""requestId"": 123,
    ""endPoint"": ""Matter"",
    ""method"": ""Read"",
    ""data"": {
        ""Elements"": [
            {
                ""MEP"": ""HybridInverter"",
                ""Cluster"": ""FeedInGrid"",
                ""Element"": ""FeedInGridStatus""
            }
        ],
        ""thingId"": {
            ""Type"": ""Inverter"",
            ""Mn"": ""fortress"",
            ""Md"": ""FP-ENVY-Inverter"",
            ""SN"": ""04237218B0""
        }
    }
}",Mode, ,enum,,,,,,,,"Disable,Enable","Not allowed,Allowed"
FeedInGrid.FeedInGridMaxPower,Max Power Sold to Grid,Sets the maximum power the inverter is allowed to sell/export to the grid. Use this to meet utility export limits or site commissioning requirements.,attribute,RW,HybridInverter,FeedInGrid,FeedInGridMaxPower,,,,,,,Power,Power (kW),Number,,,,0.0,100.0,,,,
FeedInGrid.FastZeroExportStatus,Prevent Grid Export: Strict Mode,"Keeps power export at or near zero by adjusting inverter output in real time. When enabled, the inverter supplies only local (on-site) loads and will not send power back to the grid. This mode is required when grid export is not allowed. Ensure the CTs are installed on the grid connection point and  not on the inverter's load side, so the inverter can correctly detect and prevent export.",attribute,RW,HybridInverter,FeedInGrid,FastZeroExportStatus,,,,,,,Mode,Fast Zero Export,enum,,,,,,,,"Disable,Enable","Disable strict mode,Enable strict mode"
ACCharge.ACChgStopSOC,AC Chg Stop SOC,Attribute in ACCharge cluster,attribute,RW,HybridInverter,ACCharge,ACChgStopSOC,,,,,,,SOC,SOC,Number,,,,0.0,90.0,,,,
Parallel.ModbusAddr,Parallel unit ID,"The Unit ID (also known as the unit ID, slave ID, or node ID) for this inverter. The primary inverter should use address 1, and any secondary inverters should use 2 or higher. This sets the modbus address that inverters use to communicate with each other. Each inverter that communicates on the same Modbus communication line must have a unique address, but addresses do not need to be globally unique across separate, unconnected systems.",attribute,RW,HybridInverter,Parallel,ModbusAddr,,,"{
    ""code"": 0,
    ""message"": ""Success"",
    ""version"": ""1.0"",
    ""requestId"": 123,
    ""timestamp"": 1736147764,
    ""data"": {
        ""code"": 0,
        ""message"": ""Success"",
        ""Elements"": [
            {
                ""MEP"": ""HybridInverter"",
                ""Cluster"": ""Parallel"",
                ""Element"": ""ModbusAddr"",
                ""arguments"": {
                    ""Addr"": 1
                },
                ""code"": 0,
                ""Data"": ""Success""
            }
        ]
    }
}","{
    ""version"": ""1.0"",
    ""timeout"": 60,
    ""requestId"": 123,
    ""endPoint"": ""Matter"",
    ""method"": ""Write"",
    ""data"": {
        ""Elements"": [
            {
                ""MEP"": ""HybridInverter"",
                ""Cluster"": ""Parallel"",
                ""Element"": ""ModbusAddr"",
                ""arguments"": {
                    ""Addr"": 1
                }
            }
        ],
        ""thingId"": {
            ""Type"": ""Inverter"",
            ""Mn"": ""fortress"",
            ""Md"": ""FP-ENVY-Inverter"",
            ""SN"": ""04237218B0""
        }
    }
}","{
    ""code"": 0,
    ""message"": ""Success"",
    ""version"": ""1.0"",
    ""requestId"": 123,
    ""timestamp"": 1736143634,
    ""data"": {
        ""code"": 0,
        ""message"": ""Success"",
        ""Elements"": [
            {
                ""MEP"": ""HybridInverter"",
                ""Cluster"": ""Parallel"",
                ""Element"": ""ModbusAddr"",
                ""code"": 0,
                ""Data"": {
                    ""Addr"": 0
                }
            }
        ]
    }
}","{
    ""version"": ""1.0"",
    ""timeout"": 60,
    ""requestId"": 123,
    ""endPoint"": ""Matter"",
    ""method"": ""Read"",
    ""data"": {
        ""Elements"": [
            {
                ""MEP"": ""HybridInverter"",
                ""Cluster"": ""Parallel"",
                ""Element"": ""ModbusAddr""
            }
        ],
        ""thingId"": {
            ""Type"": ""Inverter"",
            ""Mn"": ""fortress"",
            ""Md"": ""FP-ENVY-Inverter"",
            ""SN"": ""04237218B0""
        }
    }
}",Addr,Address,Number,,,,1.0,255.0,,,,
Parallel.SystemType,System Type,"Defines how this inverter participates in a multi-inverter or multi-phase system.

• No Parallel: Single inverter system.
• Single-phase Parallel (Master / Secondary): Multiple inverters on one phase.
• Three-phase Parallel (Master): Multiple inverters forming R/S/T phases.",attribute,RW,HybridInverter,Parallel,SystemType,,,,,,,Type,Parallel Role / Topology,enum,,,,,,,,"no parallel (single one),Single-phase parallel(Master),Secondary,Three phase parallel(Master)","No Parallel (Single Inverter),Single-Phase Parallel (Master),Single-Phase Parallel (Secondary),Three-Phase Parallel (Master)"
Parallel.ComposedPhase,Assigned Phase,"Selects which output phase this inverter is responsible for in a three-phase system. R, S, and T correspond to L1, L2, and L3.",attribute,RW,HybridInverter,Parallel,ComposedPhase,,,,,,,Phase,Phase,enum,,,,,,,,"R,S,T","R,S,T"
Parallel.ClearDetectedPhases,Clear Detected Phases,Clears the detected phases for this inverter.,attribute,W,HybridInverter,Parallel,ClearDetectedPhases,,,,,,,Phase,Phase,enum,,,,,,,,Clear,Clear
Parallel.DetectedGridPhases,Detected Grid Phases,Attribute in Parallel cluster,attribute,R,HybridInverter,Parallel,DetectedGridPhases,,,,,,,Phase,Phase,enum,,,,,,,,"None,R,S,T","None,R,S,T"
Parallel.ShareBatteryStatus,Share Battery,Allows inverters in a parallel group to use a common battery bank instead of keeping batteries isolated per inverter.,attribute,RW,HybridInverter,Parallel,ShareBatteryStatus,,,,,,,Mode,Installation Method,enum,,,,,,,,"Disable,Enable","Inverters have Separate Batteries,Inverters Share a Common Battery Bank"
Parallel.ParallelNum,Inverters in parallel,Total number of inverters detected in this parallel system.,attribute,R,HybridInverter,Parallel,ParallelNum,,,,,,,Num,Num,Number,,,,,,,,,
Parallel.Role,Inverter Role,Reports whether this inverter is acting as Primary (sometimes called the Master) or Secondary in the current parallel configuration.,attribute,R,HybridInverter,Parallel,Role,,,,,,,Role,Role,enum,,,,,,,,"Master,Slave","Primary,Secondary"
Parallel.ParallelPhase,Reported Phase,Reports which phase (R / S / T) this inverter is currently serving in the parallel system.,attribute,R,HybridInverter,Parallel,ParallelPhase,,,,,,,Phase,Phase,enum,,,,,,,,"R,S,T","R,S,T"
Measurement.CTSampleRatio,CT Ratio,Select the current transformer (CT) ratio used for metering electric current on the grid port connection. This must match the CT hardware rating so that current and power readings are accurate.,attribute,RW,HybridInverter,Measurement,CTSampleRatio,,,"{
    ""code"": 0,
    ""message"": ""Success"",
    ""version"": ""1.0"",
    ""requestId"": 123,
    ""timestamp"": 1744336901,
    ""data"": {
        ""code"": 0,
        ""message"": ""Success"",
        ""Elements"": [
            {
                ""MEP"": ""HybridInverter"",
                ""Cluster"": ""Measurement"",
                ""Element"": ""CTSampleRatio"",
                ""arguments"": {
                    ""Direction"": ""1/2000""
                },
                ""code"": 0,
                ""message"": ""Success""
            }
        ]
    }
}","{
    ""version"": ""1.0"",
    ""timeout"": 60,
    ""requestId"": 123,
    ""endPoint"": ""Matter"",
    ""method"": ""Write"",
    ""data"": {
        ""Elements"": [
            {
                ""MEP"": ""HybridInverter"",
                ""Cluster"": ""Measurement"",
                ""Element"": ""CTSampleRatio"",
                ""arguments"": {
                    ""Direction"": ""1/2000""
                }
            }
        ],
        ""thingId"": {
            ""Type"": ""Inverter"",
            ""Mn"": ""fortress"",
            ""Md"": ""FP-ENVY-Inverter"",
            ""SN"": ""04237218B0""
        }
    }
}","{
    ""code"": 0,
    ""message"": ""Success"",
    ""version"": ""1.0"",
    ""requestId"": 123,
    ""timestamp"": 1744336863,
    ""data"": {
        ""code"": 0,
        ""message"": ""Success"",
        ""Elements"": [
            {
                ""MEP"": ""HybridInverter"",
                ""Cluster"": ""Measurement"",
                ""Element"": ""CTSampleRatio"",
                ""code"": 0,
                ""Data"": {
                    ""Direction"": ""1/1000""
                }
            }
        ]
    }
}","{
    ""version"": ""1.0"",
    ""timeout"": 60,
    ""requestId"": 123,
    ""endPoint"": ""Matter"",
    ""method"": ""Read"",
    ""data"": {
        ""Elements"": [
            {
                ""MEP"": ""HybridInverter"",
                ""Cluster"": ""Measurement"",
                ""Element"": ""CTSampleRatio""
            }
        ],
        ""thingId"": {
            ""Type"": ""Inverter"",
            ""Mn"": ""fortress"",
            ""Md"": ""FP-ENVY-Inverter"",
            ""SN"": ""04237218B0""
        }
    }
}",Direction,CT Ratio,enum,,,,,,,,"1/1000,1/2000,1/3000,1/4000,1/6000","1/1000,1/2000,1/3000,1/4000,1/6000"
Measurement.CTDirection,CT Direction,Sets the CT installation direction. You may choose to reverse this if your inverter is reading import when power is actually flowing out to the grid (export) or vice versa.,attribute,RW,HybridInverter,Measurement,CTDirection,,,,,,,Direction,Direction,enum,,,,,,,,"Normal,Reversed","Normal,Reversed"
BatteryBase.BatteryType,Battery Type,"Specifies the chemistry or general type of connected battery. Choose **No Battery** for standalone PV or grid-tie operation, **Lead-acid** for flooded or AGM batteries, or **Lithium-ion** for managed BMS packs.",attribute,RW,HybridInverter,BatteryBase,BatteryType,,,"{
    ""code"": 0,
    ""message"": ""Success"",
    ""version"": ""1.0"",
    ""requestId"": 123,
    ""timestamp"": 1735018521,
    ""data"": {
        ""code"": 0,
        ""message"": ""Success"",
        ""Elements"": [
            {
                ""MEP"": ""HybridInverter"",
                ""Cluster"": ""BatteryBase"",
                ""Element"": ""BatteryType"",
                ""arguments"": {
                    ""Type"": ""Lead-acid""
                },
                ""code"": 0,
                ""message"": ""Success""
            }
        ]
    }
}","{
    ""version"": ""1.0"",
    ""timeout"": 60,
    ""requestId"": 123,
    ""endPoint"": ""Matter"",
    ""method"": ""Write"",
    ""data"": {
        ""Elements"": [
            {
                ""MEP"": ""HybridInverter"",
                ""Cluster"": ""BatteryBase"",
                ""Element"": ""BatteryType"",
                ""arguments"": {
                    ""Type"": ""Lead-acid""
                }
            }
        ],
        ""thingId"": {
            ""Type"": ""Inverter"",
            ""Mn"": ""fortress"",
            ""Md"": ""FP-ENVY-Inverter"",
            ""SN"": ""04237218B0""
        }
    }
}","{
    ""code"": 0,
    ""message"": ""Success"",
    ""version"": ""1.0"",
    ""requestId"": 123,
    ""timestamp"": 1735018400,
    ""data"": {
        ""code"": 0,
        ""message"": ""Success"",
        ""Elements"": [
            {
                ""MEP"": ""HybridInverter"",
                ""Cluster"": ""BatteryBase"",
                ""Element"": ""BatteryType"",
                ""code"": 0,
                ""message"": {
                    ""Type"": ""NoBattery""
                }
            }
        ]
    }
}","{
    ""version"": ""1.0"",
    ""timeout"": 60,
    ""requestId"": 123,
    ""endPoint"": ""Matter"",
    ""method"": ""Read"",
    ""data"": {
        ""Elements"": [
            {
                ""MEP"": ""HybridInverter"",
                ""Cluster"": ""BatteryBase"",
                ""Element"": ""BatteryType""
            }
        ],
        ""thingId"": {
            ""Type"": ""Inverter"",
            ""Mn"": ""fortress"",
            ""Md"": ""FP-ENVY-Inverter"",
            ""SN"": ""04237218B0""
        }
    }
}",Type,Type,enum,,,,,,,,"NoBattery,Lead-acid,Lithom-ion","No Battery,Lead-acid,Lithium-ion"
BatteryBase.BatteryBrand,Battery Brand,Selects the manufacturer profile for the connected battery. This may pre-configure recommended voltage and SOC limits for optimal operation.,attribute,RW,HybridInverter,BatteryBase,BatteryBrand,,,,,,,Brand,Brand,enum,,,,,,,,Fortress,Fortress
BatteryBase.AbsorbVoltage,Absorb Voltage,Sets the voltage used during the absorb (bulk-to-float transition) phase. Increasing this value raises the upper charge threshold for lead-acid batteries.,attribute,RW,HybridInverter,BatteryBase,AbsorbVoltage,,,,,,,Volt,Voltage (Vdc),Number,,,,,,,,,
BatteryBase.FloatVoltage,Float Voltage,Defines the voltage maintained once the battery is fully charged. This helps prevent overcharging while keeping the battery topped off.,attribute,RW,HybridInverter,BatteryBase,FloatVoltage,,,,,,,Volt,Voltage (Vdc),Number,,,,,,,,,
BatteryBase.VbatStartDerating,Start Derating Voltage,Voltage threshold where the inverter begins reducing charge or discharge current to protect the battery as it approaches full or low state.,attribute,RW,HybridInverter,BatteryBase,VbatStartDerating,,,,,,,Volt,Voltage (Vdc),Number,,,,,,,,,
BatteryBase.ChaDisChaCtrlType,Battery Control Type,"Determines how the inverter regulates both charging and discharging.

SOC: Uses battery state of charge thresholds to start and stop charge/discharge.

Volt: Uses DC voltage limits instead.",attribute,RW,HybridInverter,BatteryBase,ChaDisChaCtrlType,,,,,,,ChargeCtrlType,Charge Control,enum,,,,,,,,"SOC,Volt","SOC,Volt"
,,,,,,,,,,,,,,DisChargeCtrlType,Discharge Control,enum,,,,,,,,"SOC,Volt","SOC,Volt"
BatteryBase.ChargeLimitSoc,Charge Limit (SOC),"Sets the maximum state of charge (SOC) the battery will be charged to. Once the battery reaches this level, charging stops to prevent overcharging and extend lifespan.",attribute,RW,HybridInverter,BatteryBase,ChargeLimitSoc,,,,,,,SOC,SOC (%),Number,,,,0.0,100.0,,,,
BatteryBase.MaxChaDisChaCurrent,Max Battery Current,Sets the maximum charging and discharging current allowed for the connected inverter. Choose the preset that matches your inverter model to automatically apply the correct limits.,attribute,RW,HybridInverter,BatteryBase,MaxChaDisChaCurrent,,,,,,,MaxChargingCurrent,Max Charge Preset,enum,,,,,,,,"Envy12K,Envy10K,Envy8K","Envy12K,Envy10K,Envy8K"
,,,,,,,,,,,,,,MaxDischargingCurrent,Max Discharge Preset,enum,,,,,,,,"Envy12K,Envy10K,Envy8K","Envy12K,Envy10K,Envy8K"
BatteryBase.OnGridCutOffSoc,On-Grid Battery Cutoff SOC,"Sets the minimum state of charge (SOC) the battery will discharge to while grid power is available. Below this level, the inverter will stop discharging and switch to grid power to protect battery capacity.",attribute,RW,HybridInverter,BatteryBase,OnGridCutOffSoc,,,,,,,SOC,SOC (%),Number,Recommended: between 21-90%.  Must be higher than the Off-Grid Battery Cutoff SOC.,,,0.0,100.0,,,,
BatteryBase.OffGridCutOffSoc,Off-Grid Battery Cutoff SOC,"Sets the minimum state of charge (SOC) the battery will discharge to when operating off-grid. Once the battery reaches this level, the inverter stops discharging to prevent deep discharge and maintain battery health.",attribute,RW,HybridInverter,BatteryBase,OffGridCutOffSoc,,,,,,,SOC,SOC (%),Number,Recommended: between 20-89%.  Must be lower than the On-Grid Battery Cutoff SOC.,,,0.0,100.0,,,,
BatteryBackup.BatteryBackupMode,Battery Backup Mode,"Enables or disables battery-backup operation. When enabled, the inverter reserves part of the battery capacity to power critical loads during a grid outage.",attribute,RW,HybridInverter,BatteryBackup,BatteryBackupMode,,,"{
    ""code"": 0,
    ""message"": ""Success"",
    ""version"": ""1.0"",
    ""requestId"": 123,
    ""timestamp"": 1735023847,
    ""data"": {
        ""code"": 0,
        ""message"": ""Success"",
        ""Elements"": [
            {
                ""MEP"": ""HybridInverter"",
                ""Cluster"": ""BatteryBackup"",
                ""Element"": ""BatteryBackupMode"",
                ""arguments"": {
                    ""Mode"": ""Enable""
                },
                ""code"": 0,
                ""message"": ""Success""
            }
        ]
    }
}","{
    ""version"": ""1.0"",
    ""timeout"": 60,
    ""requestId"": 123,
    ""endPoint"": ""Matter"",
    ""method"": ""Write"",
    ""data"": {
        ""Elements"": [
            {
                ""MEP"": ""HybridInverter"",
                ""Cluster"": ""BatteryBackup"",
                ""Element"": ""BatteryBackupMode"",
                ""arguments"": {
                    ""Mode"": ""Enable""
                }
            }
        ],
        ""thingId"": {
            ""Type"": ""Inverter"",
            ""Mn"": ""fortress"",
            ""Md"": ""FP-ENVY-Inverter"",
            ""SN"": ""04237218B0""
        }
    }
}","{
    ""code"": 0,
    ""message"": ""Success"",
    ""version"": ""1.0"",
    ""requestId"": 123,
    ""timestamp"": 1735023766,
    ""data"": {
        ""code"": 0,
        ""message"": ""Success"",
        ""Elements"": [
            {
                ""MEP"": ""HybridInverter"",
                ""Cluster"": ""BatteryBackup"",
                ""Element"": ""BatteryBackupMode"",
                ""code"": 0,
                ""message"": {
                    ""Mode"": ""Disable""
                }
            }
        ]
    }
}","{
    ""version"": ""1.0"",
    ""timeout"": 60,
    ""requestId"": 123,
    ""endPoint"": ""Matter"",
    ""method"": ""Read"",
    ""data"": {
        ""Elements"": [
            {
                ""MEP"": ""HybridInverter"",
                ""Cluster"": ""BatteryBackup"",
                ""Element"": ""BatteryBackupMode""
            }
        ],
        ""thingId"": {
            ""Type"": ""Inverter"",
            ""Mn"": ""fortress"",
            ""Md"": ""FP-ENVY-Inverter"",
            ""SN"": ""04237218B0""
        }
    }
}",Mode, ,enum,,,,,,,,"Disable,Enable","Disable Backup Mode,Enable Backup Mode"
BatteryBackup.BatteryReserveSOC,Battery Reserve SOC,"While Battery Backup Mode is enabled, the battery will stop discharging once it reaches this level. When Backup Mode is disabled, normal operation applies and discharge will continue down to the On-Grid or Off-Grid Battery Cutoff SOC.",attribute,RW,HybridInverter,BatteryBackup,BatteryReserveSOC,,,,,,,SOC,SOC (%),Number,,,,0.0,100.0,,,,
BatteryScheduling.BatteryScheduling,Battery Scheduling,"This is a special scheduling mode designed for certain time-of-use (TOU) utility rates or other custom situations. In most circumstances, we recomment allowing your system to  manage charging and discharging automatically without setting a schedule.  You don't need to set a schedule unless you have a specific reason to charge or discharge at exact times.",attribute,RW,HybridInverter,BatteryScheduling,BatteryScheduling,,,"{
    ""code"": 0,
    ""message"": ""Success"",
    ""version"": ""1.0"",
    ""requestId"": 123,
    ""timestamp"": 1735025852,
    ""data"": {
        ""code"": 0,
        ""message"": ""Success"",
        ""Elements"": [
            {
                ""MEP"": ""HybridInverter"",
                ""Cluster"": ""BatteryScheduling"",
                ""Element"": ""BatteryScheduling"",
                ""arguments"": {
                    ""Mode"": ""Enable""
                },
                ""code"": 0,
                ""message"": ""Success""
            }
        ]
    }
}","{
    ""version"": ""1.0"",
    ""timeout"": 60,
    ""requestId"": 123,
    ""endPoint"": ""Matter"",
    ""method"": ""Write"",
    ""data"": {
        ""Elements"": [
            {
                ""MEP"": ""HybridInverter"",
                ""Cluster"": ""BatteryScheduling"",
                ""Element"": ""BatteryScheduling"",
                ""arguments"": {
                    ""Mode"": ""Enable""
                }
            }
        ],
        ""thingId"": {
            ""Type"": ""Inverter"",
            ""Mn"": ""fortress"",
            ""Md"": ""FP-ENVY-Inverter"",
            ""SN"": ""04237218B0""
        }
    }
}","{
    ""code"": 0,
    ""message"": ""Success"",
    ""version"": ""1.0"",
    ""requestId"": 123,
    ""timestamp"": 1735025771,
    ""data"": {
        ""code"": 0,
        ""message"": ""Success"",
        ""Elements"": [
            {
                ""MEP"": ""HybridInverter"",
                ""Cluster"": ""BatteryScheduling"",
                ""Element"": ""BatteryScheduling"",
                ""code"": 0,
                ""message"": {
                    ""Mode"": ""Disable""
                }
            }
        ]
    }
}","{
    ""version"": ""1.0"",
    ""timeout"": 60,
    ""requestId"": 123,
    ""endPoint"": ""Matter"",
    ""method"": ""Read"",
    ""data"": {
        ""Elements"": [
            {
                ""MEP"": ""HybridInverter"",
                ""Cluster"": ""BatteryScheduling"",
                ""Element"": ""BatteryScheduling""
            }
        ],
        ""thingId"": {
            ""Type"": ""Inverter"",
            ""Mn"": ""fortress"",
            ""Md"": ""FP-ENVY-Inverter"",
            ""SN"": ""04237218B0""
        }
    }
}",Mode,Scheduling,enum,,,,,,,,"Disable,Enable","Disable Scheduling,Enable the 'PV Charge Only' and 'Discharge Only' scheduling modes"
BatteryTOUCharge.TOUMaximumChargingPower,Max Battery Charge Power During 'PV Charge Only' Periods,Sets the maximum charging power during scheduled Time-of-Use (TOU) charge periods in kW. Set this limit to control the power level at which the battery will charge from the grid during PV charge only periods,attribute,RW,HybridInverter,BatteryTOUCharge,TOUMaximumChargingPower,,,"{
    ""code"": 0,
    ""message"": ""Success"",
    ""version"": ""1.0"",
    ""requestId"": 123,
    ""timestamp"": 1735026147,
    ""data"": {
        ""code"": 0,
        ""message"": ""Success"",
        ""Elements"": [
            {
                ""MEP"": ""HybridInverter"",
                ""Cluster"": ""BatteryTOUCharge"",
                ""Element"": ""TOUMaximumChargingPower"",
                ""arguments"": {
                    ""Power"": 80
                },
                ""code"": 0,
                ""message"": ""Success""
            }
        ]
    }
}","{
    ""version"": ""1.0"",
    ""timeout"": 60,
    ""requestId"": 123,
    ""endPoint"": ""Matter"",
    ""method"": ""Write"",
    ""data"": {
        ""Elements"": [
            {
                ""MEP"": ""HybridInverter"",
                ""Cluster"": ""BatteryTOUCharge"",
                ""Element"": ""TOUMaximumChargingPower"",
                ""arguments"": {
                    ""Power"": 80
                }
            }
        ],
        ""thingId"": {
            ""Type"": ""Inverter"",
            ""Mn"": ""fortress"",
            ""Md"": ""FP-ENVY-Inverter"",
            ""SN"": ""04237218B0""
        }
    }
}","{
    ""code"": 0,
    ""message"": ""Success"",
    ""version"": ""1.0"",
    ""requestId"": 123,
    ""timestamp"": 1735025959,
    ""data"": {
        ""code"": 0,
        ""message"": ""Success"",
        ""Elements"": [
            {
                ""MEP"": ""HybridInverter"",
                ""Cluster"": ""BatteryTOUCharge"",
                ""Element"": ""TOUMaximumChargingPower"",
                ""code"": 0,
                ""message"": {
                    ""Power"": 0
                }
            }
        ]
    }
}","{
    ""version"": ""1.0"",
    ""timeout"": 60,
    ""requestId"": 123,
    ""endPoint"": ""Matter"",
    ""method"": ""Read"",
    ""data"": {
        ""Elements"": [
            {
                ""MEP"": ""HybridInverter"",
                ""Cluster"": ""BatteryTOUCharge"",
                ""Element"": ""TOUMaximumChargingPower""
            }
        ],
        ""thingId"": {
            ""Type"": ""Inverter"",
            ""Mn"": ""fortress"",
            ""Md"": ""FP-ENVY-Inverter"",
            ""SN"": ""04237218B0""
        }
    }
}",Power,Power (kW),Number,Should not exceed the inverter's rated power,,,0.0,100.0,,,,
BatteryTOUCharge.TOUChargingPlan1,Schedule Window 1 for PV Charge Only,During these times your battery will charge from solar power and not discharge to power your home unless there is a grid power outage,attribute,RW,HybridInverter,BatteryTOUCharge,TOUChargingPlan1,,,,,,,StartTime_h,Start Hour (0-23),Number,,,,0.0,23.0,,,,
,,,,,,,,,,,,,,StartTime_m,Start Minute (0-59),Number,,,,0.0,59.0,,,,
,,,,,,,,,,,,,,EndTime_h,End Hour (0-23),Number,,,,0.0,23.0,,,,
,,,,,,,,,,,,,,EndTime_m,End Minute (0-59),Number,,,,0.0,59.0,,,,
BatteryTOUCharge.TOUChargingPlan2,Schedule Window 2 for PV Charge Only,During these times your battery will charge from solar power and not discharge to power your home unless there is a grid power outage,attribute,RW,HybridInverter,BatteryTOUCharge,TOUChargingPlan2,,,,,,,StartTime_h,Start Hour (0-23),Number,,,,0.0,23.0,,,,
,,,,,,,,,,,,,,StartTime_m,Start Minute (0-59),Number,,,,0.0,59.0,,,,
,,,,,,,,,,,,,,EndTime_h,End Hour (0-23),Number,,,,0.0,23.0,,,,
,,,,,,,,,,,,,,EndTime_m,End Minute (0-59),Number,,,,0.0,59.0,,,,
BatteryTOUCharge.TOUChargingPlan3,Schedule Window 3 for PV Charge Only,During these times your battery will charge from solar power and not discharge to power your home unless there is a grid power outage,attribute,RW,HybridInverter,BatteryTOUCharge,TOUChargingPlan3,,,,,,,StartTime_h,Start Hour (0-23),Number,,,,0.0,23.0,,,,
,,,,,,,,,,,,,,StartTime_m,Start Minute (0-59),Number,,,,0.0,59.0,,,,
,,,,,,,,,,,,,,EndTime_h,End Hour (0-23),Number,,,,0.0,23.0,,,,
,,,,,,,,,,,,,,EndTime_m,End Minute (0-59),Number,,,,0.0,59.0,,,,
BatteryTOUDischarge.TOUMaximumDischargingPower,Max Inverter Output Power During 'Discharge Only' Periods,Sets the maximum discharging power during scheduled Time-of-Use (TOU) discharge periods in kW. Limit this to control how much battery power is exported to loads or grid during those windows.,attribute,RW,HybridInverter,BatteryTOUDischarge,TOUMaximumDischargingPower,,,"{
    ""code"": 0,
    ""message"": ""Success"",
    ""version"": ""1.0"",
    ""requestId"": 123,
    ""timestamp"": 1735030299,
    ""data"": {
        ""code"": 0,
        ""message"": ""Success"",
        ""Elements"": [
            {
                ""MEP"": ""HybridInverter"",
                ""Cluster"": ""BatteryTOUDischarge"",
                ""Element"": ""TOUMaximumDischargingPower"",
                ""arguments"": {
                    ""Power"": 80
                },
                ""code"": 0,
                ""message"": ""Success""
            }
        ]
    }
}","{
    ""version"": ""1.0"",
    ""timeout"": 60,
    ""requestId"": 123,
    ""endPoint"": ""Matter"",
    ""method"": ""Write"",
    ""data"": {
        ""Elements"": [
            {
                ""MEP"": ""HybridInverter"",
                ""Cluster"": ""BatteryTOUDischarge"",
                ""Element"": ""TOUMaximumDischargingPower"",
                ""arguments"": {
                    ""Power"": 80
                }
            }
        ],
        ""thingId"": {
            ""Type"": ""Inverter"",
            ""Mn"": ""fortress"",
            ""Md"": ""FP-ENVY-Inverter"",
            ""SN"": ""04237218B0""
        }
    }
}","{
    ""code"": 0,
    ""message"": ""Success"",
    ""version"": ""1.0"",
    ""requestId"": 123,
    ""timestamp"": 1735030227,
    ""data"": {
        ""code"": 0,
        ""message"": ""Success"",
        ""Elements"": [
            {
                ""MEP"": ""HybridInverter"",
                ""Cluster"": ""BatteryTOUDischarge"",
                ""Element"": ""TOUMaximumDischargingPower"",
                ""code"": 0,
                ""message"": {
                    ""Power"": 0
                }
            }
        ]
    }
}","{
    ""version"": ""1.0"",
    ""timeout"": 60,
    ""requestId"": 123,
    ""endPoint"": ""Matter"",
    ""method"": ""Read"",
    ""data"": {
        ""Elements"": [
            {
                ""MEP"": ""HybridInverter"",
                ""Cluster"": ""BatteryTOUDischarge"",
                ""Element"": ""TOUMaximumDischargingPower""
            }
        ],
        ""thingId"": {
            ""Type"": ""Inverter"",
            ""Mn"": ""fortress"",
            ""Md"": ""FP-ENVY-Inverter"",
            ""SN"": ""04237218B0""
        }
    }
}",Power,Power (kW),Number,Should not exceed the inverter's rated power,,,0.0,100.0,,,,
BatteryTOUDischarge.DischargingStopSoc,TOU Discharge Stop SOC,"Sets the minimum state of charge (SOC) that the battery will discharge to during 'Discharge Only' operation. Once this level is reached, discharging stops to preserve reserve capacity for later use or backup.",attribute,RW,HybridInverter,BatteryTOUDischarge,DischargingStopSoc,,,,,,,SOC,SOC (%),Number,,,,0.0,100.0,,,,
BatteryTOUDischarge.TOUDischargingPlan1,Schedule Window 1 for Discharge Only,"During these times, your battery will discharge at a steady rate and not charge from solar power.  Solar power will be used in your home and sold to the grid as allowed",attribute,RW,HybridInverter,BatteryTOUDischarge,TOUDischargingPlan1,,,,,,,StartTime_h,Start Hour (0-23),Number,,,,0.0,23.0,,,,
,,,,,,,,,,,,,,StartTime_m,Start Minute (0-59),Number,,,,0.0,59.0,,,,
,,,,,,,,,,,,,,EndTime_h,End Hour (0-23),Number,,,,0.0,23.0,,,,
,,,,,,,,,,,,,,EndTime_m,End Minute (0-59),Number,,,,0.0,59.0,,,,
BatteryTOUDischarge.TOUDischargingPlan2,Schedule Window 2 for Discharge Only,"During these times, your battery will discharge at a steady rate and not charge from solar power.  Solar power will be used in your home and sold to the grid as allowed",attribute,RW,HybridInverter,BatteryTOUDischarge,TOUDischargingPlan2,,,,,,,StartTime_h,Start Hour (0-23),Number,,,,0.0,23.0,,,,
,,,,,,,,,,,,,,StartTime_m,Start Minute (0-59),Number,,,,0.0,59.0,,,,
,,,,,,,,,,,,,,EndTime_h,End Hour (0-23),Number,,,,0.0,23.0,,,,
,,,,,,,,,,,,,,EndTime_m,End Minute (0-59),Number,,,,0.0,59.0,,,,
BatteryTOUDischarge.TOUDischargingPlan3,Schedule Window 3 for Discharge Only,"During these times, your battery will discharge at a steady rate and not charge from solar power.  Solar power will be used in your home and sold to the grid as allowed",attribute,RW,HybridInverter,BatteryTOUDischarge,TOUDischargingPlan3,,,,,,,StartTime_h,Start Hour (0-23),Number,,,,0.0,23.0,,,,
,,,,,,,,,,,,,,StartTime_m,Start Minute (0-59),Number,,,,0.0,59.0,,,,
,,,,,,,,,,,,,,EndTime_h,End Hour (0-23),Number,,,,0.0,23.0,,,,
,,,,,,,,,,,,,,EndTime_m,End Minute (0-59),Number,,,,0.0,59.0,,,,
ACCharge.ACChargeStatus,Allow Battery Charging from Grid,Enables the battery to charge from the utility grid.,attribute,RW,HybridInverter,ACCharge,ACChargeStatus,,,"{
    ""code"": 0,
    ""message"": ""Success"",
    ""version"": ""1.0"",
    ""requestId"": 123,
    ""timestamp"": 1735033124,
    ""data"": {
        ""code"": 0,
        ""message"": ""Success"",
        ""Elements"": [
            {
                ""MEP"": ""HybridInverter"",
                ""Cluster"": ""ACCharge"",
                ""Element"": ""ACChargeStatus"",
                ""arguments"": {
                    ""Mode"": ""Enable""
                },
                ""code"": 0,
                ""message"": ""Success""
            }
        ]
    }
}","{
    ""version"": ""1.0"",
    ""timeout"": 60,
    ""requestId"": 123,
    ""endPoint"": ""Matter"",
    ""method"": ""Write"",
    ""data"": {
        ""Elements"": [
            {
                ""MEP"": ""HybridInverter"",
                ""Cluster"": ""ACCharge"",
                ""Element"": ""ACChargeStatus"",
                ""arguments"": {
                    ""Mode"": ""Enable""
                }
            }
        ],
        ""thingId"": {
            ""Type"": ""Inverter"",
            ""Mn"": ""fortress"",
            ""Md"": ""FP-ENVY-Inverter"",
            ""SN"": ""04237218B0""
        }
    }
}","{
    ""code"": 0,
    ""message"": ""Success"",
    ""version"": ""1.0"",
    ""requestId"": 123,
    ""timestamp"": 1735032870,
    ""data"": {
        ""code"": 0,
        ""message"": ""Success"",
        ""Elements"": [
            {
                ""MEP"": ""HybridInverter"",
                ""Cluster"": ""ACCharge"",
                ""Element"": ""ACChargeStatus"",
                ""code"": 0,
                ""message"": {
                    ""Mode"": ""Disable""
                }
            }
        ]
    }
}","{
    ""version"": ""1.0"",
    ""timeout"": 60,
    ""requestId"": 123,
    ""endPoint"": ""Matter"",
    ""method"": ""Read"",
    ""data"": {
        ""Elements"": [
            {
                ""MEP"": ""HybridInverter"",
                ""Cluster"": ""ACCharge"",
                ""Element"": ""ACChargeStatus""
            }
        ],
        ""thingId"": {
            ""Type"": ""Inverter"",
            ""Mn"": ""fortress"",
            ""Md"": ""FP-ENVY-Inverter"",
            ""SN"": ""04237218B0""
        }
    }
}",Mode,Grid Charge,enum,,,,,,,,"Disable,Enable","Do not charge the battery from grid power,Allowed"
ACCharge.ACChargePower,Grid Charge Power Limit,Sets the maximum power the inverter will draw from the grid for charging. This cap applies when Grid Charge is enabled (and within any configured time windows).,attribute,RW,HybridInverter,ACCharge,ACChargePower,,,,,,,Power,Max Grid Charge Power (W),Number,,,,0.0,100.0,,,,
ACCharge.ACChgStartSOC,Grid Charge SOC Range,Defines when grid charging starts and stops based on battery state of charge (SOC). Charging starts when SOC falls below Start SOC and stops when it reaches Stop SOC.,attribute,RW,HybridInverter,ACCharge,ACChgStartSOC,,,,,,,SOC,Start SOC (%),Number,,,,0.0,100.0,StopSOC,,,
,,,,,,,,,,,,,,StopSOC,Stop SOC (%),Number,,,,0.0,100.0,,SOC,,
ACCharge.ACChargeType,Grid Charge Control Type,Select whether grid charging follows a time schedule or SOC/voltage thresholds.,attribute,RW,HybridInverter,ACCharge,ACChargeType,,,,,,,Type,Control Type,enum,,,,,,,,"according to time,according to SOC/Volt","By Time Schedule,By SOC/Voltage"
ACCharge.ACChargingPlan,Grid Charge Windows,"During these times, your battery will continue to charge from solar power normally, but will also use additional power from the grid to charge the battery.",attribute,RW,HybridInverter,ACCharge,ACChargingPlan,,,,,,,StartTime1_h,Window 1 Start Hour,Number,,,,0.0,23.0,,,,
,,,,,,,,,,,,,,StartTime1_m,Window 1 Start Minute,Number,,,,0.0,59.0,,,,
,,,,,,,,,,,,,,EndTime1_h,Window 1 End Hour,Number,,,,0.0,23.0,,,,
,,,,,,,,,,,,,,EndTime1_m,Window 1 End Minute,Number,,,,0.0,59.0,,,,
,,,,,,,,,,,,,,StartTime2_h,Window 2 Start Hour,Number,,,,0.0,23.0,,,,
,,,,,,,,,,,,,,StartTime2_m,Window 2 Start Minute,Number,,,,0.0,59.0,,,,
,,,,,,,,,,,,,,EndTime2_h,Window 2 End Hour,Number,,,,0.0,23.0,,,,
,,,,,,,,,,,,,,EndTime2_m,Window 2 End Minute,Number,,,,0.0,59.0,,,,
,,,,,,,,,,,,,,StartTime3_h,Window 3 Start Hour,Number,,,,0.0,23.0,,,,
,,,,,,,,,,,,,,StartTime3_m,Window 3 Start Minute,Number,,,,0.0,59.0,,,,
,,,,,,,,,,,,,,EndTime3_h,Window 3 End Hour,Number,,,,0.0,23.0,,,,
,,,,,,,,,,,,,,EndTime3_m,Window 3 End Minute,Number,,,,0.0,59.0,,,,
GridBase.GridRegulation,Grid Parameters,This setting changes the conditions under which the inverter will connect or disconnect from the utility grid. Different areas have different rules about when this equipment is allowed to disconnect and when it must ride through. Choose the code required by the local utility or AHJ.,attribute,RW,HybridInverter,GridBase,GridRegulation,,,"{
    ""code"": 0,
    ""message"": ""Success"",
    ""version"": ""1.0"",
    ""requestId"": 123,
    ""timestamp"": 1735180134,
    ""data"": {
        ""code"": 0,
        ""message"": ""Success"",
        ""Elements"": [
            {
                ""MEP"": ""HybridInverter"",
                ""Cluster"": ""GridBase"",
                ""Element"": ""GridRegulation"",
                ""arguments"": {
                    ""Code"": ""KIUC""
                },
                ""code"": 0,
                ""message"": ""Success""
            }
        ]
    }
}","{
    ""version"": ""1.0"",
    ""timeout"": 60,
    ""requestId"": 123,
    ""endPoint"": ""Matter"",
    ""method"": ""Write"",
    ""data"": {
        ""Elements"": [
            {
                ""MEP"": ""HybridInverter"",
                ""Cluster"": ""GridBase"",
                ""Element"": ""GridRegulation"",
                ""arguments"": {
                    ""Code"": ""KIUC""
                }
            }
        ],
        ""thingId"": {
            ""Type"": ""Inverter"",
            ""Mn"": ""fortress"",
            ""Md"": ""FP-ENVY-Inverter"",
            ""SN"": ""04237218B0""
        }
    }
}","{
    ""code"": 0,
    ""message"": ""Success"",
    ""version"": ""1.0"",
    ""requestId"": 123,
    ""timestamp"": 1735971123,
    ""data"": {
        ""code"": 0,
        ""message"": ""Success"",
        ""Elements"": [
            {
                ""MEP"": ""HybridInverter"",
                ""Cluster"": ""GridBase"",
                ""Element"": ""GridRegulation"",
                ""code"": 0,
                ""Data"": {
                    ""Code"": ""KIUC""
                }
            }
        ]
    }
}","{
    ""version"": ""1.0"",
    ""timeout"": 60,
    ""requestId"": 123,
    ""endPoint"": ""Matter"",
    ""method"": ""Read"",
    ""data"": {
        ""Elements"": [
            {
                ""MEP"": ""HybridInverter"",
                ""Cluster"": ""GridBase"",
                ""Element"": ""GridRegulation""
            }
        ],
        ""thingId"": {
            ""Type"": ""Inverter"",
            ""Mn"": ""fortress"",
            ""Md"": ""FP-ENVY-Inverter"",
            ""SN"": ""04237218B0""
        }
    }
}",Code,Code,enum,,,,,,,,"Default(UL-240-18),California(Rule 21),Hawaii(Rule 14),Puerto Rico LUMA,KIUC","Default UL-1741 / IEEE 1547,California (Rule 21),Hawaii (Rule 14),Puerto Rico (LUMA),KIUC"
GridBase.GridType,Grid Type,Choose wiring configuration of the site.  This helps configure the system to match the power service at the site.  Note the voltage you enter here must match the EPS Voltage.,attribute,RW,HybridInverter,GridBase,GridType,,,,,,,Type,Service Type,enum,,,,,,,,"Split240V/120V,3phase208V/120V,Single240V,Single230V,Split200V/100V","Split 240V / 120V,3-Phase 208V / 120V,Single 240V,Single 230V,Split 200V / 100V"
GridBase.GridFreq,Grid Frequency,Sets the nominal grid frequency for the installation. Use 60 Hz for North America and most split-phase installs; use 50 Hz for regions that operate at 230 V single-phase.,attribute,RW,HybridInverter,GridBase,GridFreq,,,,,,,Freq,Frequency (Hz),enum,,,,,,,,"50,60","50 Hz,60 Hz"
GridProtection.GridVoltLimit1,Grid Voltage Limits (Stage 1),"Voltage trip window. If grid voltage rises above or falls below these thresholds for longer than the threshold time allows, the inverter will disconnect from the grid.",attribute,RW,HybridInverter,GridProtection,GridVoltLimit1,,,"{
    ""code"": 0,
    ""message"": ""Success"",
    ""version"": ""1.0"",
    ""requestId"": 123,
    ""timestamp"": 1735971864,
    ""data"": {
        ""code"": 0,
        ""message"": ""Success"",
        ""Elements"": [
            {
                ""MEP"": ""HybridInverter"",
                ""Cluster"": ""GridProtection"",
                ""Element"": ""GridVoltLimit1"",
                ""arguments"": {
                    ""GridVoltLimitHigh"": 70,
                    ""GridVoltLimitLow"": 90
                },
                ""code"": 0,
                ""Data"": ""Success""
            }
        ]
    }
}","{
    ""version"": ""1.0"",
    ""timeout"": 60,
    ""requestId"": 123,
    ""endPoint"": ""Matter"",
    ""method"": ""Write"",
    ""data"": {
        ""Elements"": [
            {
                ""MEP"": ""HybridInverter"",
                ""Cluster"": ""GridProtection"",
                ""Element"": ""GridVoltLimit1"",
                ""arguments"": {
                    ""GridVoltLimitHigh"": 70,
                    ""GridVoltLimitLow"": 90
                }
            }
        ],
        ""thingId"": {
            ""Type"": ""Inverter"",
            ""Mn"": ""fortress"",
            ""Md"": ""FP-ENVY-Inverter"",
            ""SN"": ""04237218B0""
        }
    }
}","{
    ""code"": 0,
    ""message"": ""Success"",
    ""version"": ""1.0"",
    ""requestId"": 123,
    ""timestamp"": 1735971758,
    ""data"": {
        ""code"": 0,
        ""message"": ""Success"",
        ""Elements"": [
            {
                ""MEP"": ""HybridInverter"",
                ""Cluster"": ""GridProtection"",
                ""Element"": ""GridVoltLimit1"",
                ""code"": 0,
                ""Data"": {
                    ""GridVoltLimitHigh"": 0,
                    ""GridVoltLimitLow"": 0
                }
            }
        ]
    }
}","{
    ""version"": ""1.0"",
    ""timeout"": 60,
    ""requestId"": 123,
    ""endPoint"": ""Matter"",
    ""method"": ""Read"",
    ""data"": {
        ""Elements"": [
            {
                ""MEP"": ""HybridInverter"",
                ""Cluster"": ""GridProtection"",
                ""Element"": ""GridVoltLimit1""
            }
        ],
        ""thingId"": {
            ""Type"": ""Inverter"",
            ""Mn"": ""fortress"",
            ""Md"": ""FP-ENVY-Inverter"",
            ""SN"": ""04237218B0""
        }
    }
}",GridVoltLimitHigh,Upper Limit (Vac),Number,,,,,,,,,
,,,,,,,,,,,,,,GridVoltLimitLow,Lower Limit (Vac),Number,,,,,,,,,
GridProtection.GridVoltLimit2,Grid Voltage Limits (Stage 2),"Voltage trip window. If grid voltage rises above or falls below these thresholds for longer than the threshold time allows, the inverter will disconnect from the grid.",attribute,RW,HybridInverter,GridProtection,GridVoltLimit2,,,,,,,GridVoltLimitHigh,Upper Limit (Vac),Number,,,,,,,,,
,,,,,,,,,,,,,,GridVoltLimitLow,Lower Limit (Vac),Number,,,,,,,,,
GridProtection.GridVoltLimit3,Grid Voltage Limits (Stage 3),"Voltage trip window. If grid voltage rises above or falls below these thresholds for longer than the threshold time allows, the inverter will disconnect from the grid.",attribute,RW,HybridInverter,GridProtection,GridVoltLimit3,,,,,,,GridVoltLimitHigh,Upper Limit (Vac),Number,,,,,,,,,
,,,,,,,,,,,,,,GridVoltLimitLow,Lower Limit (Vac),Number,,,,,,,,,
GridProtection.GridFreqLimit1,Grid Frequency Limits (Stage 1),"Sets the upper and lower grid frequency thresholds. If grid frequency goes outside this range, the inverter will disconnect from the grid to protect the system and comply with grid safety standards.",attribute,RW,HybridInverter,GridProtection,GridFreqLimit1,,,,,,,GridFreqLimitHigh,Upper Limit (Hz),Number,,,,,,,,,
,,,,,,,,,,,,,,GridFreqLimitLow,Lower Limit (Hz),Number,,,,,,,,,
GridProtection.GridFreqLimit2,Grid Frequency Limits (Stage 2),"Sets the upper and lower grid frequency thresholds. If grid frequency goes outside this range, the inverter will disconnect from the grid to protect the system and comply with grid safety standards.",attribute,RW,HybridInverter,GridProtection,GridFreqLimit2,,,,,,,GridFreqLimitHigh,Upper Limit (Hz),Number,,,,,,,,,
,,,,,,,,,,,,,,GridFreqLimitLow,Lower Limit (Hz),Number,,,,,,,,,
GridProtection.GridFreqLimit3,Grid Frequency Limits (Stage 3),"Sets the upper and lower grid frequency thresholds. If grid frequency goes outside this range, the inverter will disconnect from the grid to protect the system and comply with grid safety standards.",attribute,RW,HybridInverter,GridProtection,GridFreqLimit3,,,,,,,GridFreqLimitHigh,Upper Limit (Hz),Number,,,,,,,,,
,,,,,,,,,,,,,,GridFreqLimitLow,Lower Limit (Hz),Number,,,,,,,,,
GridProtection.GridVoltLimit1Time,Grid Voltage Trip Time,Defines how long the grid voltage must remain below the lower limit or above the upper limit (Stage 1) before the inverter disconnects from the grid.,attribute,RW,HybridInverter,GridProtection,GridVoltLimit1Time,,,,,,,GridVoltLimitLowTime,Low Voltage Trip Delay (ms),Number,,,,,,,,,
,,,,,,,,,,,,,,GridVoltLimitHighTime,High Voltage Trip Delay (ms),Number,,,,,,,,,
GridProtection.GridVoltLimit2Time,Grid Voltage Trip Time (Stage 2),Defines how long the grid voltage must remain below the lower limit or above the upper limit (Stage 2) before the inverter disconnects from the grid.,attribute,RW,HybridInverter,GridProtection,GridVoltLimit2Time,,,,,,,GridVoltLimitLowTime,Low Voltage Trip Delay (ms),Number,,,,,,,,,
,,,,,,,,,,,,,,GridVoltLimitHighTime,High Voltage Trip Delay (ms),Number,,,,,,,,,
GridProtection.GridVoltLimit3Time,Grid Voltage Trip Time (Stage 3),Defines how long the grid voltage must remain below the lower limit or above the upper limit (Stage 3) before the inverter disconnects from the grid.,attribute,RW,HybridInverter,GridProtection,GridVoltLimit3Time,,,,,,,GridVoltLimitLowTime,Low Voltage Trip Delay (ms),Number,,,,,,,,,
,,,,,,,,,,,,,,GridVoltLimitHighTime,High Voltage Trip Delay (ms),Number,,,,,,,,,
GridProtection.GridFreqLimit1Time,Grid Frequency Trip Time (Stage 1),Defines how long the grid frequency must remain below the lower limit or above the upper limit (Stage 1) before the inverter disconnects from the grid.,attribute,RW,HybridInverter,GridProtection,GridFreqLimit1Time,,,,,,,GridFreqLimitHighTime,High Frequency Trip Delay (ms),Number,,,,,,,,,
,,,,,,,,,,,,,,GridFreqLimitLowTime,Low Frequency Trip Delay (ms),Number,,,,,,,,,
GridProtection.GridFreqLimit2Time,Grid Frequency Trip Time (Stage 2),Defines how long the grid frequency must remain below the lower limit or above the upper limit (Stage 2) before the inverter disconnects from the grid.,attribute,RW,HybridInverter,GridProtection,GridFreqLimit2Time,,,,,,,GridFreqLimitHighTime,High Frequency Trip Delay (ms),Number,,,,,,,,,
,,,,,,,,,,,,,,GridFreqLimitLowTime,Low Frequency Trip Delay (ms),Number,,,,,,,,,
GridProtection.GridFreqLimit3Time,Grid Frequency Trip Time (Stage 3),Defines how long the grid frequency must remain below the lower limit or above the upper limit (Stage 3) before the inverter disconnects from the grid.,attribute,RW,HybridInverter,GridProtection,GridFreqLimit3Time,,,,,,,GridFreqLimitHighTime,High Frequency Trip Delay (ms),Number,,,,,,,,,
,,,,,,,,,,,,,,GridFreqLimitLowTime,Low Frequency Trip Delay (ms),Number,,,,,,,,,
GridConnection.PermitServiceStatus,Permit to Operate,Shows whether the inverter is permitted to operate in grid-connected mode.,attribute,R,HybridInverter,GridConnection,PermitServiceStatus,,,,,"{
    ""code"": 0,
    ""message"": ""Success"",
    ""version"": ""1.0"",
    ""requestId"": 123,
    ""timestamp"": 1735972517,
    ""data"": {
        ""code"": 0,
        ""message"": ""Success"",
        ""Elements"": [
            {
                ""MEP"": ""HybridInverter"",
                ""Cluster"": ""GridConnection"",
                ""Element"": ""PermitServiceStatus"",
                ""code"": 0,
                ""Data"": {
                    ""Mode"": ""Disable""
                }
            }
        ]
    }
}","{
    ""version"": ""1.0"",
    ""timeout"": 60,
    ""requestId"": 123,
    ""endPoint"": ""Matter"",
    ""method"": ""Read"",
    ""data"": {
        ""Elements"": [
            {
                ""MEP"": ""HybridInverter"",
                ""Cluster"": ""GridConnection"",
                ""Element"": ""PermitServiceStatus""
            }
        ],
        ""thingId"": {
            ""Type"": ""Inverter"",
            ""Mn"": ""fortress"",
            ""Md"": ""FP-ENVY-Inverter"",
            ""SN"": ""04237218B0""
        }
    }
}",Mode,Permit Status,enum,,,,,,,,"Disable,Enable","Not Permitted,Permitted"
GridConnection.RampRate,Ramp Rate,How quickly inverter output is allowed to increase.,attribute,R,HybridInverter,GridConnection,RampRate,,,,,,,Rate,Ramp Rate (%/sec),Number,,,,,,,,,
GridConnection.ApplicableVoltage,Applicable Grid Voltage Range,Voltage window within which grid connection is permitted. Outside this range the inverter will not connect or will disconnect.,attribute,R,HybridInverter,GridConnection,ApplicableVoltage,,,,,,,ApplicableVoltageLow,Lower Limit (Vac),Number,,,,,,,,,
,,,,,,,,,,,,,,ApplicableVoltageHigh,Upper Limit (Vac),Number,,,,,,,,,
GridConnection.ApplicableFrequency,Applicable Grid Frequency Range,Frequency window within which grid connection is permitted. Outside this range the inverter will not connect or will disconnect.,attribute,R,HybridInverter,GridConnection,ApplicableFrequency,,,,,,,ApplicableFrequencyLow,Lower Limit (Hz),Number,,,,,,,,,
,,,,,,,,,,,,,,ApplicableFrequencyHigh,Upper Limit (Hz),Number,,,,,,,,,
GridConnection.DelayTime,Connection Delay Times,Delays applied before initial grid connection and after a grid disturbance clears (reconnection). These timers help meet interconnection standards.  The connection delay is how long the inverter will wait after first being powered on.  Reconnection delay is how long the inverter will wait after a grid disturbance or outage clears.,attribute,R,HybridInverter,GridConnection,DelayTime,,,,,,,ConnectionDelayTime,Connection Delay (s),Number,,,,,,,,,
,,,,,,,,,,,,,,ReconnectionDelayTime,Reconnection Delay (s),Number,,,,,,,,,
ConstantPowerFactorMode.ConstantPowerFactorModeStatus,Power Factor Mode,Shows whether constant power-factor control is active.,attribute,R,HybridInverter,ConstantPowerFactorMode,ConstantPowerFactorModeStatus,,,,,"{
    ""code"": 0,
    ""message"": ""Success"",
    ""version"": ""1.0"",
    ""requestId"": 123,
    ""timestamp"": 1735975299,
    ""data"": {
        ""code"": 0,
        ""message"": ""Success"",
        ""Elements"": [
            {
                ""MEP"": ""HybridInverter"",
                ""Cluster"": ""ConstantPowerFactorMode"",
                ""Element"": ""ConstantPowerFactorModeStatus"",
                ""code"": 0,
                ""Data"": {
                    ""Mode"": ""Disable""
                }
            }
        ]
    }
}","{
    ""version"": ""1.0"",
    ""timeout"": 60,
    ""requestId"": 123,
    ""endPoint"": ""Matter"",
    ""method"": ""Read"",
    ""data"": {
        ""Elements"": [
            {
                ""MEP"": ""HybridInverter"",
                ""Cluster"": ""ConstantPowerFactorMode"",
                ""Element"": ""ConstantPowerFactorModeStatus""
            }
        ],
        ""thingId"": {
            ""Type"": ""Inverter"",
            ""Mn"": ""fortress"",
            ""Md"": ""FP-ENVY-Inverter"",
            ""SN"": ""04237218B0""
        }
    }
}",Mode,Status,enum,,,,,,,,"Disable,Enable","Inactive — No PF control,Active — Constant PF"
ConstantPowerFactorMode.ConstantPowerFactor,Power Factor Setpoint,The target power factor and excitation. Under-excited = lagging (absorbing vars); Over-excited = leading (supplying vars).,attribute,R,HybridInverter,ConstantPowerFactorMode,ConstantPowerFactor,,,,,,,Excited,Excitation,enum,,,,,,,,"Under-excited,Over-excited","Under-excited,Over-excited"
,,,,,,,,,,,,,,PowerFactor,Power Factor (PF),Number,,,,,,,,,
ConstantReactivePowerMode.ConstantReactivePowerModeStatus,Reactive Power Mode,Shows whether constant reactive-power control is active.,attribute,R,HybridInverter,ConstantReactivePowerMode,ConstantReactivePowerModeStatus,,,,,"{
    ""code"": 0,
    ""message"": ""Success"",
    ""version"": ""1.0"",
    ""requestId"": 123,
    ""timestamp"": 1736135194,
    ""data"": {
        ""code"": 0,
        ""message"": ""Success"",
        ""Elements"": [
            {
                ""MEP"": ""HybridInverter"",
                ""Cluster"": ""ConstantReactivePowerMode"",
                ""Element"": ""ConstantReactivePowerModeStatus"",
                ""code"": 0,
                ""Data"": {
                    ""Excited"": ""Over-excited"",
                    ""Status"": ""Disable""
                }
            }
        ]
    }
}","{
    ""version"": ""1.0"",
    ""timeout"": 60,
    ""requestId"": 123,
    ""endPoint"": ""Matter"",
    ""method"": ""Read"",
    ""data"": {
        ""Elements"": [
            {
                ""MEP"": ""HybridInverter"",
                ""Cluster"": ""ConstantReactivePowerMode"",
                ""Element"": ""ConstantReactivePowerModeStatus""
            }
        ],
        ""thingId"": {
            ""Type"": ""Inverter"",
            ""Mn"": ""fortress"",
            ""Md"": ""FP-ENVY-Inverter"",
            ""SN"": ""04237218B0""
        }
    }
}",Excited,Excitation,enum,,,,,,,,"Under-excited,Over-excited","Under-excited,Over-excited"
,,,,,,,,,,,,,,Status,Status,enum,,,,,,,,"Disable,Enable","Inactive - no reactive power control,Active - reactive power control"
ConstantReactivePowerMode.ReactivePowerPercentCMD,Reactive Power Setpoint,Displays the reactive-power target as a percentage of rated power (vars). Excitation determines whether vars are supplied (leading) or absorbed (lagging).,attribute,R,HybridInverter,ConstantReactivePowerMode,ReactivePowerPercentCMD,,,,,,,Power,Reactive Power (%),Number,,,,,,,,,
VoltageReactivePowerMode.VoltageReactivePowerMode,Volt-VAR Mode,Shows whether Volt-VAR (voltage-reactive power) control is active. This value is read-only and reflects the current configuration or utility command.,attribute,R,HybridInverter,VoltageReactivePowerMode,VoltageReactivePowerMode,,,,,"{
    ""code"": 0,
    ""message"": ""Success"",
    ""version"": ""1.0"",
    ""requestId"": 123,
    ""timestamp"": 1736135261,
    ""data"": {
        ""code"": 0,
        ""message"": ""Success"",
        ""Elements"": [
            {
                ""MEP"": ""HybridInverter"",
                ""Cluster"": ""VoltageReactivePowerMode"",
                ""Element"": ""VoltageReactivePowerMode"",
                ""code"": 0,
                ""Data"": {
                    ""Mode"": ""Enable""
                }
            }
        ]
    }
}","{
    ""version"": ""1.0"",
    ""timeout"": 60,
    ""requestId"": 123,
    ""endPoint"": ""Matter"",
    ""method"": ""Read"",
    ""data"": {
        ""Elements"": [
            {
                ""MEP"": ""HybridInverter"",
                ""Cluster"": ""VoltageReactivePowerMode"",
                ""Element"": ""VoltageReactivePowerMode""
            }
        ],
        ""thingId"": {
            ""Type"": ""Inverter"",
            ""Mn"": ""fortress"",
            ""Md"": ""FP-ENVY-Inverter"",
            ""SN"": ""04237218B0""
        }
    }
}",Mode,Mode,enum,,,,,,,,"Disable,Enable","Inactive - no Volt-VAR control,Active - Volt-VAR control"
VoltageReactivePowerMode.AutonomousVrefAdjustment,Autonomous Vref Adjustment,Indicates whether the inverter autonomously adjusts its reference voltage (Vref).,attribute,R,HybridInverter,VoltageReactivePowerMode,AutonomousVrefAdjustment,,,,,,,Mode,Autonomous Adjustment,enum,,,,,,,,"Disable,Enable","Disable,Enable"
VoltageReactivePowerMode.Verf,Reference Voltage (Vref),Voltage reference used for Volt-VAR calculations.,attribute,R,HybridInverter,VoltageReactivePowerMode,Verf,,,,,,,Verf,Vref,Number,,,,,,,,,
VoltageReactivePowerMode.VrefAdjustmentTimeConstant,Vref Adjustment Time Constant,Time constant applied when adjusting Vref.,attribute,R,HybridInverter,VoltageReactivePowerMode,VrefAdjustmentTimeConstant,,,,,,,Time,Time Constant,Number,,,,,,,,,
VoltageReactivePowerMode.UnderOverVoltage,Volt-VAR Voltage Breakpoints,Voltage points (V1-V4) that define the Volt-VAR curve breakpoints.,attribute,R,HybridInverter,VoltageReactivePowerMode,UnderOverVoltage,,,,,,,V1,V1 (Voltage Point 1),Number,,,,,,,,,
,,,,,,,,,,,,,,V2,V2 (Voltage Point 2),Number,,,,,,,,,
,,,,,,,,,,,,,,V3,V3 (Voltage Point 3),Number,,,,,,,,,
,,,,,,,,,,,,,,V4,V4 (Voltage Point 4),Number,,,,,,,,,
VoltageReactivePowerMode.Q1,Reactive Power Setpoint Q1,Reactive power at voltage point V1 on the Volt-VAR curve.,attribute,R,HybridInverter,VoltageReactivePowerMode,Q1,,,,,,,Q1,Q1 (Reactive Setpoint 1),Number,,,,,,,,,
VoltageReactivePowerMode.Q2,Reactive Power Setpoint Q2,Reactive power at voltage point V2 on the Volt-VAR curve.,attribute,R,HybridInverter,VoltageReactivePowerMode,Q2,,,,,,,Q2,Q2 (Reactive Setpoint 2),Number,,,,,,,,,
VoltageReactivePowerMode.Q3,Reactive Power Setpoint Q3,Reactive power at voltage point V3 on the Volt-VAR curve.,attribute,R,HybridInverter,VoltageReactivePowerMode,Q3,,,,,,,Q3,Q3 (Reactive Setpoint 3),Number,,,,,,,,,
VoltageReactivePowerMode.Q4,Reactive Power Setpoint Q4,Reactive power at voltage point V4 on the Volt-VAR curve.,attribute,R,HybridInverter,VoltageReactivePowerMode,Q4,,,,,,,Q4,Q4 (Reactive Setpoint 4),Number,,,,,,,,,
VoltageReactivePowerMode.OpenLoopResponseTime,Open-Loop Response Time,Response time used for open-loop Volt-VAR changes.,attribute,R,HybridInverter,VoltageReactivePowerMode,OpenLoopResponseTime,,,,,,,Time,Response Time,Number,,,,,,,,,
ActivePowerReactivePowerMode.PQModeStatus,P-Q Mode Status,Shows whether Active/Reactive Power (P-Q) control mode is enabled.,attribute,R,HybridInverter,ActivePowerReactivePowerMode,PQModeStatus,,,,,"{
    ""code"": 0,
    ""message"": ""Success"",
    ""version"": ""1.0"",
    ""requestId"": 123,
    ""timestamp"": 1736140844,
    ""data"": {
        ""code"": 0,
        ""message"": ""Success"",
        ""Elements"": [
            {
                ""MEP"": ""HybridInverter"",
                ""Cluster"": ""ActivePowerReactivePowerMode"",
                ""Element"": ""PQModeStatus"",
                ""code"": 0,
                ""Data"": {
                    ""Mode"": ""Disable""
                }
            }
        ]
    }
}","{
    ""version"": ""1.0"",
    ""timeout"": 60,
    ""requestId"": 123,
    ""endPoint"": ""Matter"",
    ""method"": ""Read"",
    ""data"": {
        ""Elements"": [
            {
                ""MEP"": ""HybridInverter"",
                ""Cluster"": ""ActivePowerReactivePowerMode"",
                ""Element"": ""PQModeStatus""
            }
        ],
        ""thingId"": {
            ""Type"": ""Inverter"",
            ""Mn"": ""fortress"",
            ""Md"": ""FP-ENVY-Inverter"",
            ""SN"": ""04237218B0""
        }
    }
}",Mode,Mode,enum,,,,,,,,"Disable,Enable","Inactive - no P-Q control,Active - P-Q control"
ActivePowerReactivePowerMode.P_QP,P-Q Curve Points,Breakpoint setpoints for the Active/Reactive Power (P-Q) characteristic.,attribute,R,HybridInverter,ActivePowerReactivePowerMode,P_QP,,,,,,,P1,P1 Setpoint,Number,,,,,,,,,
,,,,,,,,,,,,,,P2,P2 Setpoint,Number,,,,,,,,,
,,,,,,,,,,,,,,P3,P3 Setpoint,Number,,,,,,,,,
VoltageActivePowerMode.VoltageActivePowerMode,Volt-Watt Mode,Shows whether Volt-Watt (voltage-active power) control is enabled.,attribute,R,HybridInverter,VoltageActivePowerMode,VoltageActivePowerMode,,,,,"{
    ""code"": 0,
    ""message"": ""Success"",
    ""version"": ""1.0"",
    ""requestId"": 123,
    ""timestamp"": 1736140985,
    ""data"": {
        ""code"": 0,
        ""message"": ""Success"",
        ""Elements"": [
            {
                ""MEP"": ""HybridInverter"",
                ""Cluster"": ""VoltageActivePowerMode"",
                ""Element"": ""VoltageActivePowerMode"",
                ""code"": 0,
                ""Data"": {
                    ""Mode"": ""Disable""
                }
            }
        ]
    }
}","{
    ""version"": ""1.0"",
    ""timeout"": 60,
    ""requestId"": 123,
    ""endPoint"": ""Matter"",
    ""method"": ""Read"",
    ""data"": {
        ""Elements"": [
            {
                ""MEP"": ""HybridInverter"",
                ""Cluster"": ""VoltageActivePowerMode"",
                ""Element"": ""VoltageActivePowerMode""
            }
        ],
        ""thingId"": {
            ""Type"": ""Inverter"",
            ""Mn"": ""fortress"",
            ""Md"": ""FP-ENVY-Inverter"",
            ""SN"": ""04237218B0""
        }
    }
}",Mode,Mode,enum,,,,,,,,"Disable,Enable","Inactive - no Volt-Watt control,Active - Volt-Watt control"
VoltageActivePowerMode.VoltWattV,Volt-Watt Voltage Breakpoints,Voltage points that define the Volt-Watt curve.,attribute,R,HybridInverter,VoltageActivePowerMode,VoltWattV,,,,,,,VoltWattV1,V1 (Voltage Point 1),Number,,,,,,,,,
,,,,,,,,,,,,,,VoltWattV2,V2 (Voltage Point 2),Number,,,,,,,,,
VoltageActivePowerMode.VoltWattP2,Volt-Watt Power Setpoint,Power setpoint at voltage breakpoint V2 on the Volt-Watt curve.,attribute,R,HybridInverter,VoltageActivePowerMode,VoltWattP2,,,,,,,VoltWattP2,P2 Setpoint,Number,,,,,,,,,
VoltageActivePowerMode.OpenLoopResponseTime,Open-Loop Response Time,Response time used for open-loop Volt-Watt changes.,attribute,R,HybridInverter,VoltageActivePowerMode,OpenLoopResponseTime,,,,,,,Time,Response Time,Number,,,,,,,,,
FrequencyActivePowerMode.FrequencyActivePowerModeStatus,Frequency-Active Power Mode,Indicates whether frequency-power (Freq-Watt) control is currently enabled.,attribute,R,HybridInverter,FrequencyActivePowerMode,FrequencyActivePowerModeStatus,,,,,"{
    ""code"": 0,
    ""message"": ""Success"",
    ""version"": ""1.0"",
    ""requestId"": 123,
    ""timestamp"": 1736141181,
    ""data"": {
        ""code"": 0,
        ""message"": ""Success"",
        ""Elements"": [
            {
                ""MEP"": ""HybridInverter"",
                ""Cluster"": ""FrequencyActivePowerMode"",
                ""Element"": ""FrequencyActivePowerModeStatus"",
                ""code"": 0,
                ""Data"": {
                    ""Mode"": ""Disable""
                }
            }
        ]
    }
}","{
    ""version"": ""1.0"",
    ""timeout"": 60,
    ""requestId"": 123,
    ""endPoint"": ""Matter"",
    ""method"": ""Read"",
    ""data"": {
        ""Elements"": [
            {
                ""MEP"": ""HybridInverter"",
                ""Cluster"": ""FrequencyActivePowerMode"",
                ""Element"": ""FrequencyActivePowerModeStatus""
            }
        ],
        ""thingId"": {
            ""Type"": ""Inverter"",
            ""Mn"": ""fortress"",
            ""Md"": ""FP-ENVY-Inverter"",
            ""SN"": ""04237218B0""
        }
    }
}",Mode,Mode,enum,,,,,,,,"Disable,Enable","Disable,Enable"
FrequencyActivePowerMode.OpenLoopResponseTime,Open-Loop Response Time,Response time applied to open-loop frequency-power adjustments.,attribute,R,HybridInverter,FrequencyActivePowerMode,OpenLoopResponseTime,,,,,,,Time,Response Time,Number,,,,,,,,,
FrequencyActivePowerMode.OverFrequencyDroop_dbOF,Over-Frequency Droop: Deadband,Over Frequency Droop dbOF — Deadband around nominal frequency before active power reduction begins.,attribute,R,HybridInverter,FrequencyActivePowerMode,OverFrequencyDroop_dbOF,,,,,,,Frequency,Deadband (Hz),Number,,,,,,,,,
FrequencyActivePowerMode.OverFrequencyDroop_kOF,Over-Frequency Droop: Gain (k),Over Frequency Droop kOF — Slope (gain k) of active power reduction versus frequency rise above nominal.,attribute,R,HybridInverter,FrequencyActivePowerMode,OverFrequencyDroop_kOF,,,,,,,Frequency,Gain k (slope),Number,,,,,,,,,
FrequencyActivePowerMode.UnderFrequencyDroop_dbUF,Under-Frequency Droop: Deadband,Under Frequency Droop dbUF — Deadband around nominal frequency before active power increase/response begins.,attribute,R,HybridInverter,FrequencyActivePowerMode,UnderFrequencyDroop_dbUF,,,,,,,Frequency,Deadband (Hz),Number,,,,,,,,,
FrequencyActivePowerMode.UnderFrequencyDroop_kUF,Under-Frequency Droop: Gain (k),Under Frequency Droop kUF — Slope (gain k) of active power response versus frequency drop below nominal.,attribute,R,HybridInverter,FrequencyActivePowerMode,UnderFrequencyDroop_kUF,,,,,,,Frequency,Gain k (slope),Number,,,,,,,,,
BackupPower.OffGridOutput,Off-Grid Output,Controls whether the inverter provides AC output when operating without the utility grid. Disable to prevent output in off-grid mode.,attribute,RW,HybridInverter,BackupPower,OffGridOutput,,,"{
    ""code"": 0,
    ""message"": ""Success"",
    ""version"": ""1.0"",
    ""requestId"": 123,
    ""timestamp"": 1736141811,
    ""data"": {
        ""code"": 0,
        ""message"": ""Success"",
        ""Elements"": [
            {
                ""MEP"": ""HybridInverter"",
                ""Cluster"": ""BackupPower"",
                ""Element"": ""OffGridOutput"",
                ""arguments"": {
                    ""Mode"": ""Enable""
                },
                ""code"": 0,
                ""Data"": ""Success""
            }
        ]
    }
}","{
    ""version"": ""1.0"",
    ""timeout"": 60,
    ""requestId"": 123,
    ""endPoint"": ""Matter"",
    ""method"": ""Write"",
    ""data"": {
        ""Elements"": [
            {
                ""MEP"": ""HybridInverter"",
                ""Cluster"": ""BackupPower"",
                ""Element"": ""OffGridOutput"",
                ""arguments"": {
                    ""Mode"": ""Enable""
                }
            }
        ],
        ""thingId"": {
            ""Type"": ""Inverter"",
            ""Mn"": ""fortress"",
            ""Md"": ""FP-ENVY-Inverter"",
            ""SN"": ""04237218B0""
        }
    }
}","{
    ""code"": 0,
    ""message"": ""Success"",
    ""version"": ""1.0"",
    ""requestId"": 123,
    ""timestamp"": 1736141719,
    ""data"": {
        ""code"": 0,
        ""message"": ""Success"",
        ""Elements"": [
            {
                ""MEP"": ""HybridInverter"",
                ""Cluster"": ""BackupPower"",
                ""Element"": ""OffGridOutput"",
                ""code"": 0,
                ""Data"": {
                    ""Mode"": ""Disable""
                }
            }
        ]
    }
}","{
    ""version"": ""1.0"",
    ""timeout"": 60,
    ""requestId"": 123,
    ""endPoint"": ""Matter"",
    ""method"": ""Read"",
    ""data"": {
        ""Elements"": [
            {
                ""MEP"": ""HybridInverter"",
                ""Cluster"": ""BackupPower"",
                ""Element"": ""OffGridOutput""
            }
        ],
        ""thingId"": {
            ""Type"": ""Inverter"",
            ""Mn"": ""fortress"",
            ""Md"": ""FP-ENVY-Inverter"",
            ""SN"": ""04237218B0""
        }
    }
}",Mode, ,enum,,,,,,,,"Disable,Enable","Disable,Enable"
BackupPower.EPSVoltage,Backup (EPS) Output Voltage,Selects the AC output voltage when operating in backup (EPS) mode. Match this to your local service voltage for proper compatibility with connected loads.,attribute,RW,HybridInverter,BackupPower,EPSVoltage,,,,,,,Voltage,Voltage (Vac),enum,,,,,,,,"208,220,230,240,277","208 V,220 V,230 V,240 V,277 V"
Generator.LinkedPort,Generator Port Connection,"If using a generator, select which port it's connected to — either the GEN port or the Grid Input port (sometimes called microgrid mode). If no generator is installed, leave this setting on GEN port.",attribute,RW,HybridInverter,Generator,LinkedPort,,,"{
    ""code"": 0,
    ""message"": ""Success"",
    ""version"": ""1.0"",
    ""requestId"": 123,
    ""timestamp"": 1735094284,
    ""data"": {
        ""code"": 0,
        ""message"": ""Success"",
        ""Elements"": [
            {
                ""MEP"": ""HybridInverter"",
                ""Cluster"": ""Generator"",
                ""Element"": ""LinkedPort"",
                ""arguments"": {
                    ""Port"": ""GridPort""
                },
                ""code"": 0,
                ""message"": ""Success""
            }
        ]
    }
}","{
    ""version"": ""1.0"",
    ""timeout"": 60,
    ""requestId"": 123,
    ""endPoint"": ""Matter"",
    ""method"": ""Write"",
    ""data"": {
        ""Elements"": [
            {
                ""MEP"": ""HybridInverter"",
                ""Cluster"": ""Generator"",
                ""Element"": ""LinkedPort"",
                ""arguments"": {
                    ""Port"": ""GridPort""
                }
            }
        ],
        ""thingId"": {
            ""Type"": ""Inverter"",
            ""Mn"": ""fortress"",
            ""Md"": ""FP-ENVY-Inverter"",
            ""SN"": ""04237218B0""
        }
    }
}","{
    ""code"": 0,
    ""message"": ""Success"",
    ""version"": ""1.0"",
    ""requestId"": 123,
    ""timestamp"": 1735094100,
    ""data"": {
        ""code"": 0,
        ""message"": ""Success"",
        ""Elements"": [
            {
                ""MEP"": ""HybridInverter"",
                ""Cluster"": ""Generator"",
                ""Element"": ""LinkedPort"",
                ""code"": 0,
                ""message"": {
                    ""Port"": ""GeneratorPort""
                }
            }
        ]
    }
}","{
    ""version"": ""1.0"",
    ""timeout"": 60,
    ""requestId"": 123,
    ""endPoint"": ""Matter"",
    ""method"": ""Read"",
    ""data"": {
        ""Elements"": [
            {
                ""MEP"": ""HybridInverter"",
                ""Cluster"": ""Generator"",
                ""Element"": ""LinkedPort""
            }
        ],
        ""thingId"": {
            ""Type"": ""Inverter"",
            ""Mn"": ""fortress"",
            ""Md"": ""FP-ENVY-Inverter"",
            ""SN"": ""04237218B0""
        }
    }
}",Port,Generator connected to,enum,,,,,,,,"GeneratorPort,GridPort","GEN port (also select if not using generator).,Grid port (aka microgrid mode)"
Generator.BatteryChargeCurrentLimit,Battery Charge Current Limit,Sets the maximum DC current the inverter will send to the battery when charging from the generator.,attribute,RW,HybridInverter,Generator,BatteryChargeCurrentLimit,,,,,,,Current,Charge Current (Adc),Number,,,,,,,,,
Generator.GeneratorRatedPower,Generator Rated Power,Specify the generator's continuous rated output power.,attribute,RW,HybridInverter,Generator,GeneratorRatedPower,,,,,,,Power,Rated Power (kW),Number,,,,0.0,100.0,,,,
Generator.GeneratorCoolDownTime,Generator Cool-Down Time,Sets the time the generator continues running after charging stops to allow for safe cooling.,attribute,RW,HybridInverter,Generator,GeneratorCoolDownTime,,,,,,,Time,Cool-Down Time (min),Number,,,,,,,,,
Generator.GeneratorSOC,Generator Start/Stop SOC,Configures the battery state of charge thresholds for automatic generator control. The generator will start when battery SOC drops to StartSOC and stop when it reaches StopSOC.,attribute,RW,HybridInverter,Generator,GeneratorSOC,,,,,,,StartSOC,Start SOC (%),Number,Generator starts when battery drops to this level,,,0.0,90.0,StopSOC,,,
,,,,,,,,,,,,,,StopSOC,Stop SOC (%),Number,Generator stops when battery charges to this level,,,5.0,100.0,,StartSOC,,
Generator.GenDryContact,Generator Contactor Status,Indicates the current state of the generator control contactor.,attribute,R,HybridInverter,Generator,GenDryContact,,,,,,,Mode,Contactor State,enum,,,,,,,,"OFF,ON","Closed / On,Open / Off"
Generator.StartGeneratorExercise,Battery Quick Charge with Generator,Start the generator to charge the battery.,attribute,RW,HybridInverter,Generator,StartGeneratorExercise,,,,,,,Mode, ,enum,,,,,,,,"Disable,Enable","Stop quick charge,Start quick charge"
Generator.GeneratorBoost,Generator Boost,Enables dynamic adjustment of generator charging power for faster battery recovery when needed.,attribute,RW,HybridInverter,Generator,GeneratorBoost,,,,,,,Mode, ,enum,,,,,,,,"Disable,Enable","Disable,Enable"
ACCoupledPV.ACCoupledPV,AC Coupled PV,Enable this option when connecting a grid-tied solar inverter (AC Coupled PV) to the system. Disable when no AC Coupled PV is present.,attribute,RW,HybridInverter,ACCoupledPV,ACCoupledPV,,,"{
    ""code"": 0,
    ""message"": ""Success"",
    ""version"": ""1.0"",
    ""requestId"": 123,
    ""timestamp"": 1735109864,
    ""data"": {
        ""code"": 0,
        ""message"": ""Success"",
        ""Elements"": [
            {
                ""MEP"": ""HybridInverter"",
                ""Cluster"": ""ACCoupledPV"",
                ""Element"": ""ACCoupledPV"",
                ""arguments"": {
                    ""Mode"": ""Enable""
                },
                ""code"": 0,
                ""message"": ""Success""
            }
        ]
    }
}","{
    ""version"": ""1.0"",
    ""timeout"": 60,
    ""requestId"": 123,
    ""endPoint"": ""Matter"",
    ""method"": ""Write"",
    ""data"": {
        ""Elements"": [
            {
                ""MEP"": ""HybridInverter"",
                ""Cluster"": ""ACCoupledPV"",
                ""Element"": ""ACCoupledPV"",
                ""arguments"": {
                    ""Mode"": ""Enable""
                }
            }
        ],
        ""thingId"": {
            ""Type"": ""Inverter"",
            ""Mn"": ""fortress"",
            ""Md"": ""FP-ENVY-Inverter"",
            ""SN"": ""04237218B0""
        }
    }
}","{
    ""code"": 0,
    ""message"": ""Success"",
    ""version"": ""1.0"",
    ""requestId"": 123,
    ""timestamp"": 1735109816,
    ""data"": {
        ""code"": 0,
        ""message"": ""Success"",
        ""Elements"": [
            {
                ""MEP"": ""HybridInverter"",
                ""Cluster"": ""ACCoupledPV"",
                ""Element"": ""ACCoupledPV"",
                ""code"": 0,
                ""message"": {
                    ""Mode"": ""Disable""
                }
            }
        ]
    }
}","{
    ""version"": ""1.0"",
    ""timeout"": 60,
    ""requestId"": 123,
    ""endPoint"": ""Matter"",
    ""method"": ""Read"",
    ""data"": {
        ""Elements"": [
            {
                ""MEP"": ""HybridInverter"",
                ""Cluster"": ""ACCoupledPV"",
                ""Element"": ""ACCoupledPV""
            }
        ],
        ""thingId"": {
            ""Type"": ""Inverter"",
            ""Mn"": ""fortress"",
            ""Md"": ""FP-ENVY-Inverter"",
            ""SN"": ""04237218B0""
        }
    }
}",Mode,AC Coupled PV Mode,enum,,,,,,,,"Disable,Enable","Disable,Enable"
ACCoupledPV.ACCouplePVSOC,AC Coupled PV Start/Stop SOC,Defines the battery state-of-charge thresholds that control when the inverter allows AC Coupled PV charging to start and stop.,attribute,RW,HybridInverter,ACCoupledPV,ACCouplePVSOC,,,,,,,StartSOC,Start SOC (%),Number,AC Coupled PV begins charging when SOC drops to this level,,,0.0,100.0,StopSOC,,,
,,,,,,,,,,,,,,StopSOC,Stop SOC (%),Number,AC Coupled PV stops charging when SOC reaches this level,,,0.0,100.0,,StartSOC,,
LoadShedding.SmartLoad,Use Smart Load,Powers non-essential loads only when excess solar or battery energy is available. Enable this to automatically use surplus energy for optional circuits.,attribute,RW,HybridInverter,LoadShedding,SmartLoad,,,"{
    ""code"": 0,
    ""message"": ""Success"",
    ""version"": ""1.0"",
    ""requestId"": 123,
    ""timestamp"": 1736143061,
    ""data"": {
        ""code"": 0,
        ""message"": ""Success"",
        ""Elements"": [
            {
                ""MEP"": ""HybridInverter"",
                ""Cluster"": ""LoadShedding"",
                ""Element"": ""SmartLoad"",
                ""arguments"": {
                    ""Mode"": ""Enable""
                },
                ""code"": 0,
                ""Data"": ""Success""
            }
        ]
    }
}","{
    ""version"": ""1.0"",
    ""timeout"": 60,
    ""requestId"": 123,
    ""endPoint"": ""Matter"",
    ""method"": ""Write"",
    ""data"": {
        ""Elements"": [
            {
                ""MEP"": ""HybridInverter"",
                ""Cluster"": ""LoadShedding"",
                ""Element"": ""SmartLoad"",
                ""arguments"": {
                    ""Mode"": ""Enable""
                }
            }
        ],
        ""thingId"": {
            ""Type"": ""Inverter"",
            ""Mn"": ""fortress"",
            ""Md"": ""FP-ENVY-Inverter"",
            ""SN"": ""04237218B0""
        }
    }
}","{
    ""code"": 0,
    ""message"": ""Success"",
    ""version"": ""1.0"",
    ""requestId"": 123,
    ""timestamp"": 1736143032,
    ""data"": {
        ""code"": 0,
        ""message"": ""Success"",
        ""Elements"": [
            {
                ""MEP"": ""HybridInverter"",
                ""Cluster"": ""LoadShedding"",
                ""Element"": ""SmartLoad"",
                ""code"": 0,
                ""Data"": {
                    ""Mode"": ""Disable""
                }
            }
        ]
    }
}","{
    ""version"": ""1.0"",
    ""timeout"": 60,
    ""requestId"": 123,
    ""endPoint"": ""Matter"",
    ""method"": ""Read"",
    ""data"": {
        ""Elements"": [
            {
                ""MEP"": ""HybridInverter"",
                ""Cluster"": ""LoadShedding"",
                ""Element"": ""SmartLoad""
            }
        ],
        ""thingId"": {
            ""Type"": ""Inverter"",
            ""Mn"": ""fortress"",
            ""Md"": ""FP-ENVY-Inverter"",
            ""SN"": ""04237218B0""
        }
    }
}",Mode,,enum,,,,,,,,"Disable,Enable","Disabled,Enabled"
LoadShedding.OnGridAlwaysOn,Smart Load On-Grid Behavior,"Determines Smart Load behavior while the system is connected to the grid. When enabled, the Smart Load remains powered even if normal control conditions are not met. (AKA: **On-Grid Always On**.)",attribute,RW,HybridInverter,LoadShedding,OnGridAlwaysOn,,,,,,,Mode,On-Grid Always-On Mode,enum,,,,,,,,"Disable,Enable","Follow normal rules,Always On When Grid Present"
LoadShedding.StartPVPower,Smart Load Start Power,Defines when the Smart Load turns on. The Smart Load port is energized once PV power exceeds this threshold **and** the battery SOC is above the start limit.,attribute,RW,HybridInverter,LoadShedding,StartPVPower,,,,,,,Power,PV Power Above (W),Number,,,,0.0,100.0,,,,
LoadShedding.SmartLoadSOC,Smart Load SOC Limits,Defines the battery state-of-charge limits that control the Smart Load. The Smart Load turns on when SOC rises above the start limit **and** PV power exceeds the start power limit.  Smart load turns off when SOC falls below the stop limit.,attribute,RW,HybridInverter,LoadShedding,SmartLoadSOC,,,,,,,OnSOC,Start When Battery SOC Is Above (%),Number,,,,0.0,100.0,OffSOC,,,
,,,,,,,,,,,,,,OffSOC,Stop When Battery SOC Is Below (%),Number,,,,0.0,100.0,,OnSOC,,
